solid uv_sphere
  facet normal 9.801289E-002 9.653439E-003 9.951384E-001
    outer loop
      vertex 0.000000E+000 0.000000E+000 2.500000E+001
      vertex 4.877258E+000 0.000000E+000 2.451963E+001
      vertex 4.783543E+000 9.515059E-001 2.451963E+001
    endloop
  endfacet
  facet normal 9.424632E-002 2.858930E-002 9.951384E-001
    outer loop
      vertex 0.000000E+000 0.000000E+000 2.500000E+001
      vertex 4.783543E+000 9.515059E-001 2.451963E+001
      vertex 4.505999E+000 1.866446E+000 2.451963E+001
    endloop
  endfacet
  facet normal 8.685790E-002 4.642650E-002 9.951383E-001
    outer loop
      vertex 0.000000E+000 0.000000E+000 2.500000E+001
      vertex 4.505999E+000 1.866446E+000 2.451963E+001
      vertex 4.055292E+000 2.709660E+000 2.451963E+001
    endloop
  endfacet
  facet normal 7.613158E-002 6.247958E-002 9.951383E-001
    outer loop
      vertex 0.000000E+000 0.000000E+000 2.500000E+001
      vertex 4.055292E+000 2.709660E+000 2.451963E+001
      vertex 3.448742E+000 3.448742E+000 2.451963E+001
    endloop
  endfacet
  facet normal 6.247957E-002 7.613160E-002 9.951383E-001
    outer loop
      vertex 0.000000E+000 0.000000E+000 2.500000E+001
      vertex 3.448742E+000 3.448742E+000 2.451963E+001
      vertex 2.709659E+000 4.055292E+000 2.451963E+001
    endloop
  endfacet
  facet normal 4.642650E-002 8.685790E-002 9.951383E-001
    outer loop
      vertex 0.000000E+000 0.000000E+000 2.500000E+001
      vertex 2.709659E+000 4.055292E+000 2.451963E+001
      vertex 1.866446E+000 4.505999E+000 2.451963E+001
    endloop
  endfacet
  facet normal 2.858929E-002 9.424631E-002 9.951384E-001
    outer loop
      vertex 0.000000E+000 0.000000E+000 2.500000E+001
      vertex 1.866446E+000 4.505999E+000 2.451963E+001
      vertex 9.515055E-001 4.783543E+000 2.451963E+001
    endloop
  endfacet
  facet normal 9.653440E-003 9.801289E-002 9.951383E-001
    outer loop
      vertex 0.000000E+000 0.000000E+000 2.500000E+001
      vertex 9.515055E-001 4.783543E+000 2.451963E+001
      vertex -2.131917E-007 4.877258E+000 2.451963E+001
    endloop
  endfacet
  facet normal -9.653440E-003 9.801289E-002 9.951383E-001
    outer loop
      vertex 0.000000E+000 0.000000E+000 2.500000E+001
      vertex -2.131917E-007 4.877258E+000 2.451963E+001
      vertex -9.515059E-001 4.783543E+000 2.451963E+001
    endloop
  endfacet
  facet normal -2.858929E-002 9.424632E-002 9.951384E-001
    outer loop
      vertex 0.000000E+000 0.000000E+000 2.500000E+001
      vertex -9.515059E-001 4.783543E+000 2.451963E+001
      vertex -1.866446E+000 4.505999E+000 2.451963E+001
    endloop
  endfacet
  facet normal -4.642654E-002 8.685789E-002 9.951383E-001
    outer loop
      vertex 0.000000E+000 0.000000E+000 2.500000E+001
      vertex -1.866446E+000 4.505999E+000 2.451963E+001
      vertex -2.709660E+000 4.055292E+000 2.451963E+001
    endloop
  endfacet
  facet normal -6.247957E-002 7.613158E-002 9.951383E-001
    outer loop
      vertex 0.000000E+000 0.000000E+000 2.500000E+001
      vertex -2.709660E+000 4.055292E+000 2.451963E+001
      vertex -3.448742E+000 3.448742E+000 2.451963E+001
    endloop
  endfacet
  facet normal -7.613160E-002 6.247957E-002 9.951383E-001
    outer loop
      vertex 0.000000E+000 0.000000E+000 2.500000E+001
      vertex -3.448742E+000 3.448742E+000 2.451963E+001
      vertex -4.055292E+000 2.709659E+000 2.451963E+001
    endloop
  endfacet
  facet normal -8.685791E-002 4.642652E-002 9.951384E-001
    outer loop
      vertex 0.000000E+000 0.000000E+000 2.500000E+001
      vertex -4.055292E+000 2.709659E+000 2.451963E+001
      vertex -4.506000E+000 1.866445E+000 2.451963E+001
    endloop
  endfacet
  facet normal -9.424632E-002 2.858927E-002 9.951384E-001
    outer loop
      vertex 0.000000E+000 0.000000E+000 2.500000E+001
      vertex -4.506000E+000 1.866445E+000 2.451963E+001
      vertex -4.783543E+000 9.515058E-001 2.451963E+001
    endloop
  endfacet
  facet normal -9.801289E-002 9.653435E-003 9.951384E-001
    outer loop
      vertex 0.000000E+000 0.000000E+000 2.500000E+001
      vertex -4.783543E+000 9.515058E-001 2.451963E+001
      vertex -4.877258E+000 -4.263835E-007 2.451963E+001
    endloop
  endfacet
  facet normal -9.801289E-002 -9.653435E-003 9.951384E-001
    outer loop
      vertex 0.000000E+000 0.000000E+000 2.500000E+001
      vertex -4.877258E+000 -4.263835E-007 2.451963E+001
      vertex -4.783543E+000 -9.515067E-001 2.451963E+001
    endloop
  endfacet
  facet normal -9.424628E-002 -2.858932E-002 9.951383E-001
    outer loop
      vertex 0.000000E+000 0.000000E+000 2.500000E+001
      vertex -4.783543E+000 -9.515067E-001 2.451963E+001
      vertex -4.505999E+000 -1.866446E+000 2.451963E+001
    endloop
  endfacet
  facet normal -8.685791E-002 -4.642653E-002 9.951384E-001
    outer loop
      vertex 0.000000E+000 0.000000E+000 2.500000E+001
      vertex -4.505999E+000 -1.866446E+000 2.451963E+001
      vertex -4.055292E+000 -2.709660E+000 2.451963E+001
    endloop
  endfacet
  facet normal -7.613159E-002 -6.247959E-002 9.951384E-001
    outer loop
      vertex 0.000000E+000 0.000000E+000 2.500000E+001
      vertex -4.055292E+000 -2.709660E+000 2.451963E+001
      vertex -3.448742E+000 -3.448743E+000 2.451963E+001
    endloop
  endfacet
  facet normal -6.247959E-002 -7.613158E-002 9.951384E-001
    outer loop
      vertex 0.000000E+000 0.000000E+000 2.500000E+001
      vertex -3.448742E+000 -3.448743E+000 2.451963E+001
      vertex -2.709658E+000 -4.055293E+000 2.451963E+001
    endloop
  endfacet
  facet normal -4.642649E-002 -8.685790E-002 9.951384E-001
    outer loop
      vertex 0.000000E+000 0.000000E+000 2.500000E+001
      vertex -2.709658E+000 -4.055293E+000 2.451963E+001
      vertex -1.866444E+000 -4.506000E+000 2.451963E+001
    endloop
  endfacet
  facet normal -2.858925E-002 -9.424631E-002 9.951383E-001
    outer loop
      vertex 0.000000E+000 0.000000E+000 2.500000E+001
      vertex -1.866444E+000 -4.506000E+000 2.451963E+001
      vertex -9.515062E-001 -4.783543E+000 2.451963E+001
    endloop
  endfacet
  facet normal -9.653435E-003 -9.801289E-002 9.951384E-001
    outer loop
      vertex 0.000000E+000 0.000000E+000 2.500000E+001
      vertex -9.515062E-001 -4.783543E+000 2.451963E+001
      vertex 5.816072E-008 -4.877258E+000 2.451963E+001
    endloop
  endfacet
  facet normal 9.653435E-003 -9.801289E-002 9.951384E-001
    outer loop
      vertex 0.000000E+000 0.000000E+000 2.500000E+001
      vertex 5.816072E-008 -4.877258E+000 2.451963E+001
      vertex 9.515063E-001 -4.783543E+000 2.451963E+001
    endloop
  endfacet
  facet normal 2.858933E-002 -9.424630E-002 9.951383E-001
    outer loop
      vertex 0.000000E+000 0.000000E+000 2.500000E+001
      vertex 9.515063E-001 -4.783543E+000 2.451963E+001
      vertex 1.866447E+000 -4.505999E+000 2.451963E+001
    endloop
  endfacet
  facet normal 4.642654E-002 -8.685790E-002 9.951384E-001
    outer loop
      vertex 0.000000E+000 0.000000E+000 2.500000E+001
      vertex 1.866447E+000 -4.505999E+000 2.451963E+001
      vertex 2.709661E+000 -4.055291E+000 2.451963E+001
    endloop
  endfacet
  facet normal 6.247959E-002 -7.613156E-002 9.951384E-001
    outer loop
      vertex 0.000000E+000 0.000000E+000 2.500000E+001
      vertex 2.709661E+000 -4.055291E+000 2.451963E+001
      vertex 3.448744E+000 -3.448741E+000 2.451963E+001
    endloop
  endfacet
  facet normal 7.613157E-002 -6.247959E-002 9.951383E-001
    outer loop
      vertex 0.000000E+000 0.000000E+000 2.500000E+001
      vertex 3.448744E+000 -3.448741E+000 2.451963E+001
      vertex 4.055292E+000 -2.709660E+000 2.451963E+001
    endloop
  endfacet
  facet normal 8.685791E-002 -4.642649E-002 9.951383E-001
    outer loop
      vertex 0.000000E+000 0.000000E+000 2.500000E+001
      vertex 4.055292E+000 -2.709660E+000 2.451963E+001
      vertex 4.505999E+000 -1.866446E+000 2.451963E+001
    endloop
  endfacet
  facet normal 9.424631E-002 -2.858929E-002 9.951384E-001
    outer loop
      vertex 0.000000E+000 0.000000E+000 2.500000E+001
      vertex 4.505999E+000 -1.866446E+000 2.451963E+001
      vertex 4.783543E+000 -9.515055E-001 2.451963E+001
    endloop
  endfacet
  facet normal 9.801289E-002 -9.653442E-003 9.951383E-001
    outer loop
      vertex 0.000000E+000 0.000000E+000 2.500000E+001
      vertex 4.783543E+000 -9.515055E-001 2.451963E+001
      vertex 4.877258E+000 0.000000E+000 2.451963E+001
    endloop
  endfacet
  facet normal 2.901661E-001 2.857888E-002 9.565495E-001
    outer loop
      vertex 4.877258E+000 0.000000E+000 2.451963E+001
      vertex 9.567086E+000 0.000000E+000 2.309699E+001
      vertex 4.783543E+000 9.515059E-001 2.451963E+001
    endloop
  endfacet
  facet normal 2.901661E-001 2.857895E-002 9.565495E-001
    outer loop
      vertex 4.783543E+000 9.515059E-001 2.451963E+001
      vertex 9.567086E+000 0.000000E+000 2.309699E+001
      vertex 9.383257E+000 1.866446E+000 2.309699E+001
    endloop
  endfacet
  facet normal 2.790152E-001 8.463832E-002 9.565495E-001
    outer loop
      vertex 4.783543E+000 9.515059E-001 2.451963E+001
      vertex 9.383257E+000 1.866446E+000 2.309699E+001
      vertex 4.505999E+000 1.866446E+000 2.451963E+001
    endloop
  endfacet
  facet normal 2.790152E-001 8.463833E-002 9.565495E-001
    outer loop
      vertex 4.505999E+000 1.866446E+000 2.451963E+001
      vertex 9.383257E+000 1.866446E+000 2.309699E+001
      vertex 8.838835E+000 3.661166E+000 2.309699E+001
    endloop
  endfacet
  facet normal 2.571419E-001 1.374452E-001 9.565495E-001
    outer loop
      vertex 4.505999E+000 1.866446E+000 2.451963E+001
      vertex 8.838835E+000 3.661166E+000 2.309699E+001
      vertex 4.055292E+000 2.709660E+000 2.451963E+001
    endloop
  endfacet
  facet normal 2.571419E-001 1.374451E-001 9.565495E-001
    outer loop
      vertex 4.055292E+000 2.709660E+000 2.451963E+001
      vertex 8.838835E+000 3.661166E+000 2.309699E+001
      vertex 7.954741E+000 5.315188E+000 2.309699E+001
    endloop
  endfacet
  facet normal 2.253867E-001 1.849701E-001 9.565495E-001
    outer loop
      vertex 4.055292E+000 2.709660E+000 2.451963E+001
      vertex 7.954741E+000 5.315188E+000 2.309699E+001
      vertex 3.448742E+000 3.448742E+000 2.451963E+001
    endloop
  endfacet
  facet normal 2.253867E-001 1.849702E-001 9.565495E-001
    outer loop
      vertex 3.448742E+000 3.448742E+000 2.451963E+001
      vertex 7.954741E+000 5.315188E+000 2.309699E+001
      vertex 6.764951E+000 6.764951E+000 2.309699E+001
    endloop
  endfacet
  facet normal 1.849701E-001 2.253867E-001 9.565495E-001
    outer loop
      vertex 3.448742E+000 3.448742E+000 2.451963E+001
      vertex 6.764951E+000 6.764951E+000 2.309699E+001
      vertex 2.709659E+000 4.055292E+000 2.451963E+001
    endloop
  endfacet
  facet normal 1.849702E-001 2.253867E-001 9.565495E-001
    outer loop
      vertex 2.709659E+000 4.055292E+000 2.451963E+001
      vertex 6.764951E+000 6.764951E+000 2.309699E+001
      vertex 5.315188E+000 7.954742E+000 2.309699E+001
    endloop
  endfacet
  facet normal 1.374452E-001 2.571418E-001 9.565495E-001
    outer loop
      vertex 2.709659E+000 4.055292E+000 2.451963E+001
      vertex 5.315188E+000 7.954742E+000 2.309699E+001
      vertex 1.866446E+000 4.505999E+000 2.451963E+001
    endloop
  endfacet
  facet normal 1.374451E-001 2.571419E-001 9.565495E-001
    outer loop
      vertex 1.866446E+000 4.505999E+000 2.451963E+001
      vertex 5.315188E+000 7.954742E+000 2.309699E+001
      vertex 3.661165E+000 8.838835E+000 2.309699E+001
    endloop
  endfacet
  facet normal 8.463829E-002 2.790152E-001 9.565495E-001
    outer loop
      vertex 1.866446E+000 4.505999E+000 2.451963E+001
      vertex 3.661165E+000 8.838835E+000 2.309699E+001
      vertex 9.515055E-001 4.783543E+000 2.451963E+001
    endloop
  endfacet
  facet normal 8.463841E-002 2.790152E-001 9.565495E-001
    outer loop
      vertex 9.515055E-001 4.783543E+000 2.451963E+001
      vertex 3.661165E+000 8.838835E+000 2.309699E+001
      vertex 1.866445E+000 9.383258E+000 2.309699E+001
    endloop
  endfacet
  facet normal 2.857888E-002 2.901660E-001 9.565495E-001
    outer loop
      vertex 9.515055E-001 4.783543E+000 2.451963E+001
      vertex 1.866445E+000 9.383258E+000 2.309699E+001
      vertex -2.131917E-007 4.877258E+000 2.451963E+001
    endloop
  endfacet
  facet normal 2.857880E-002 2.901661E-001 9.565495E-001
    outer loop
      vertex -2.131917E-007 4.877258E+000 2.451963E+001
      vertex 1.866445E+000 9.383258E+000 2.309699E+001
      vertex -4.181906E-007 9.567086E+000 2.309699E+001
    endloop
  endfacet
  facet normal -2.857888E-002 2.901661E-001 9.565495E-001
    outer loop
      vertex -2.131917E-007 4.877258E+000 2.451963E+001
      vertex -4.181906E-007 9.567086E+000 2.309699E+001
      vertex -9.515059E-001 4.783543E+000 2.451963E+001
    endloop
  endfacet
  facet normal -2.857895E-002 2.901661E-001 9.565495E-001
    outer loop
      vertex -9.515059E-001 4.783543E+000 2.451963E+001
      vertex -4.181906E-007 9.567086E+000 2.309699E+001
      vertex -1.866446E+000 9.383257E+000 2.309699E+001
    endloop
  endfacet
  facet normal -8.463829E-002 2.790152E-001 9.565495E-001
    outer loop
      vertex -9.515059E-001 4.783543E+000 2.451963E+001
      vertex -1.866446E+000 9.383257E+000 2.309699E+001
      vertex -1.866446E+000 4.505999E+000 2.451963E+001
    endloop
  endfacet
  facet normal -8.463832E-002 2.790152E-001 9.565495E-001
    outer loop
      vertex -1.866446E+000 4.505999E+000 2.451963E+001
      vertex -1.866446E+000 9.383257E+000 2.309699E+001
      vertex -3.661166E+000 8.838835E+000 2.309699E+001
    endloop
  endfacet
  facet normal -1.374453E-001 2.571418E-001 9.565495E-001
    outer loop
      vertex -1.866446E+000 4.505999E+000 2.451963E+001
      vertex -3.661166E+000 8.838835E+000 2.309699E+001
      vertex -2.709660E+000 4.055292E+000 2.451963E+001
    endloop
  endfacet
  facet normal -1.374452E-001 2.571418E-001 9.565495E-001
    outer loop
      vertex -2.709660E+000 4.055292E+000 2.451963E+001
      vertex -3.661166E+000 8.838835E+000 2.309699E+001
      vertex -5.315189E+000 7.954741E+000 2.309699E+001
    endloop
  endfacet
  facet normal -1.849701E-001 2.253867E-001 9.565494E-001
    outer loop
      vertex -2.709660E+000 4.055292E+000 2.451963E+001
      vertex -5.315189E+000 7.954741E+000 2.309699E+001
      vertex -3.448742E+000 3.448742E+000 2.451963E+001
    endloop
  endfacet
  facet normal -1.849701E-001 2.253867E-001 9.565494E-001
    outer loop
      vertex -3.448742E+000 3.448742E+000 2.451963E+001
      vertex -5.315189E+000 7.954741E+000 2.309699E+001
      vertex -6.764951E+000 6.764951E+000 2.309699E+001
    endloop
  endfacet
  facet normal -2.253867E-001 1.849701E-001 9.565495E-001
    outer loop
      vertex -3.448742E+000 3.448742E+000 2.451963E+001
      vertex -6.764951E+000 6.764951E+000 2.309699E+001
      vertex -4.055292E+000 2.709659E+000 2.451963E+001
    endloop
  endfacet
  facet normal -2.253867E-001 1.849702E-001 9.565495E-001
    outer loop
      vertex -4.055292E+000 2.709659E+000 2.451963E+001
      vertex -6.764951E+000 6.764951E+000 2.309699E+001
      vertex -7.954742E+000 5.315188E+000 2.309699E+001
    endloop
  endfacet
  facet normal -2.571419E-001 1.374452E-001 9.565495E-001
    outer loop
      vertex -4.055292E+000 2.709659E+000 2.451963E+001
      vertex -7.954742E+000 5.315188E+000 2.309699E+001
      vertex -4.506000E+000 1.866445E+000 2.451963E+001
    endloop
  endfacet
  facet normal -2.571419E-001 1.374451E-001 9.565495E-001
    outer loop
      vertex -4.506000E+000 1.866445E+000 2.451963E+001
      vertex -7.954742E+000 5.315188E+000 2.309699E+001
      vertex -8.838836E+000 3.661164E+000 2.309699E+001
    endloop
  endfacet
  facet normal -2.790152E-001 8.463825E-002 9.565494E-001
    outer loop
      vertex -4.506000E+000 1.866445E+000 2.451963E+001
      vertex -8.838836E+000 3.661164E+000 2.309699E+001
      vertex -4.783543E+000 9.515058E-001 2.451963E+001
    endloop
  endfacet
  facet normal -2.790151E-001 8.463841E-002 9.565495E-001
    outer loop
      vertex -4.783543E+000 9.515058E-001 2.451963E+001
      vertex -8.838836E+000 3.661164E+000 2.309699E+001
      vertex -9.383258E+000 1.866446E+000 2.309699E+001
    endloop
  endfacet
  facet normal -2.901661E-001 2.857886E-002 9.565495E-001
    outer loop
      vertex -4.783543E+000 9.515058E-001 2.451963E+001
      vertex -9.383258E+000 1.866446E+000 2.309699E+001
      vertex -4.877258E+000 -4.263835E-007 2.451963E+001
    endloop
  endfacet
  facet normal -2.901661E-001 2.857878E-002 9.565495E-001
    outer loop
      vertex -4.877258E+000 -4.263835E-007 2.451963E+001
      vertex -9.383258E+000 1.866446E+000 2.309699E+001
      vertex -9.567086E+000 -8.363812E-007 2.309699E+001
    endloop
  endfacet
  facet normal -2.901661E-001 -2.857887E-002 9.565495E-001
    outer loop
      vertex -4.877258E+000 -4.263835E-007 2.451963E+001
      vertex -9.567086E+000 -8.363812E-007 2.309699E+001
      vertex -4.783543E+000 -9.515067E-001 2.451963E+001
    endloop
  endfacet
  facet normal -2.901661E-001 -2.857893E-002 9.565495E-001
    outer loop
      vertex -4.783543E+000 -9.515067E-001 2.451963E+001
      vertex -9.567086E+000 -8.363812E-007 2.309699E+001
      vertex -9.383257E+000 -1.866448E+000 2.309699E+001
    endloop
  endfacet
  facet normal -2.790152E-001 -8.463839E-002 9.565494E-001
    outer loop
      vertex -4.783543E+000 -9.515067E-001 2.451963E+001
      vertex -9.383257E+000 -1.866448E+000 2.309699E+001
      vertex -4.505999E+000 -1.866446E+000 2.451963E+001
    endloop
  endfacet
  facet normal -2.790152E-001 -8.463842E-002 9.565494E-001
    outer loop
      vertex -4.505999E+000 -1.866446E+000 2.451963E+001
      vertex -9.383257E+000 -1.866448E+000 2.309699E+001
      vertex -8.838835E+000 -3.661165E+000 2.309699E+001
    endloop
  endfacet
  facet normal -2.571419E-001 -1.374453E-001 9.565495E-001
    outer loop
      vertex -4.505999E+000 -1.866446E+000 2.451963E+001
      vertex -8.838835E+000 -3.661165E+000 2.309699E+001
      vertex -4.055292E+000 -2.709660E+000 2.451963E+001
    endloop
  endfacet
  facet normal -2.571419E-001 -1.374452E-001 9.565495E-001
    outer loop
      vertex -4.055292E+000 -2.709660E+000 2.451963E+001
      vertex -8.838835E+000 -3.661165E+000 2.309699E+001
      vertex -7.954741E+000 -5.315189E+000 2.309699E+001
    endloop
  endfacet
  facet normal -2.253867E-001 -1.849701E-001 9.565495E-001
    outer loop
      vertex -4.055292E+000 -2.709660E+000 2.451963E+001
      vertex -7.954741E+000 -5.315189E+000 2.309699E+001
      vertex -3.448742E+000 -3.448743E+000 2.451963E+001
    endloop
  endfacet
  facet normal -2.253868E-001 -1.849701E-001 9.565495E-001
    outer loop
      vertex -3.448742E+000 -3.448743E+000 2.451963E+001
      vertex -7.954741E+000 -5.315189E+000 2.309699E+001
      vertex -6.764950E+000 -6.764953E+000 2.309699E+001
    endloop
  endfacet
  facet normal -1.849701E-001 -2.253867E-001 9.565495E-001
    outer loop
      vertex -3.448742E+000 -3.448743E+000 2.451963E+001
      vertex -6.764950E+000 -6.764953E+000 2.309699E+001
      vertex -2.709658E+000 -4.055293E+000 2.451963E+001
    endloop
  endfacet
  facet normal -1.849701E-001 -2.253868E-001 9.565495E-001
    outer loop
      vertex -2.709658E+000 -4.055293E+000 2.451963E+001
      vertex -6.764950E+000 -6.764953E+000 2.309699E+001
      vertex -5.315186E+000 -7.954743E+000 2.309699E+001
    endloop
  endfacet
  facet normal -1.374451E-001 -2.571419E-001 9.565495E-001
    outer loop
      vertex -2.709658E+000 -4.055293E+000 2.451963E+001
      vertex -5.315186E+000 -7.954743E+000 2.309699E+001
      vertex -1.866444E+000 -4.506000E+000 2.451963E+001
    endloop
  endfacet
  facet normal -1.374452E-001 -2.571419E-001 9.565495E-001
    outer loop
      vertex -1.866444E+000 -4.506000E+000 2.451963E+001
      vertex -5.315186E+000 -7.954743E+000 2.309699E+001
      vertex -3.661162E+000 -8.838837E+000 2.309699E+001
    endloop
  endfacet
  facet normal -8.463822E-002 -2.790152E-001 9.565495E-001
    outer loop
      vertex -1.866444E+000 -4.506000E+000 2.451963E+001
      vertex -3.661162E+000 -8.838837E+000 2.309699E+001
      vertex -9.515062E-001 -4.783543E+000 2.451963E+001
    endloop
  endfacet
  facet normal -8.463821E-002 -2.790152E-001 9.565495E-001
    outer loop
      vertex -9.515062E-001 -4.783543E+000 2.451963E+001
      vertex -3.661162E+000 -8.838837E+000 2.309699E+001
      vertex -1.866446E+000 -9.383257E+000 2.309699E+001
    endloop
  endfacet
  facet normal -2.857887E-002 -2.901661E-001 9.565495E-001
    outer loop
      vertex -9.515062E-001 -4.783543E+000 2.451963E+001
      vertex -1.866446E+000 -9.383257E+000 2.309699E+001
      vertex 5.816072E-008 -4.877258E+000 2.451963E+001
    endloop
  endfacet
  facet normal -2.857894E-002 -2.901661E-001 9.565495E-001
    outer loop
      vertex 5.816072E-008 -4.877258E+000 2.451963E+001
      vertex -1.866446E+000 -9.383257E+000 2.309699E+001
      vertex 1.140864E-007 -9.567086E+000 2.309699E+001
    endloop
  endfacet
  facet normal 2.857887E-002 -2.901661E-001 9.565495E-001
    outer loop
      vertex 5.816072E-008 -4.877258E+000 2.451963E+001
      vertex 1.140864E-007 -9.567086E+000 2.309699E+001
      vertex 9.515063E-001 -4.783543E+000 2.451963E+001
    endloop
  endfacet
  facet normal 2.857894E-002 -2.901661E-001 9.565495E-001
    outer loop
      vertex 9.515063E-001 -4.783543E+000 2.451963E+001
      vertex 1.140864E-007 -9.567086E+000 2.309699E+001
      vertex 1.866447E+000 -9.383257E+000 2.309699E+001
    endloop
  endfacet
  facet normal 8.463843E-002 -2.790152E-001 9.565495E-001
    outer loop
      vertex 9.515063E-001 -4.783543E+000 2.451963E+001
      vertex 1.866447E+000 -9.383257E+000 2.309699E+001
      vertex 1.866447E+000 -4.505999E+000 2.451963E+001
    endloop
  endfacet
  facet normal 8.463826E-002 -2.790152E-001 9.565495E-001
    outer loop
      vertex 1.866447E+000 -4.505999E+000 2.451963E+001
      vertex 1.866447E+000 -9.383257E+000 2.309699E+001
      vertex 3.661167E+000 -8.838835E+000 2.309699E+001
    endloop
  endfacet
  facet normal 1.374452E-001 -2.571418E-001 9.565495E-001
    outer loop
      vertex 1.866447E+000 -4.505999E+000 2.451963E+001
      vertex 3.661167E+000 -8.838835E+000 2.309699E+001
      vertex 2.709661E+000 -4.055291E+000 2.451963E+001
    endloop
  endfacet
  facet normal 1.374453E-001 -2.571418E-001 9.565495E-001
    outer loop
      vertex 2.709661E+000 -4.055291E+000 2.451963E+001
      vertex 3.661167E+000 -8.838835E+000 2.309699E+001
      vertex 5.315190E+000 -7.954740E+000 2.309699E+001
    endloop
  endfacet
  facet normal 1.849701E-001 -2.253867E-001 9.565495E-001
    outer loop
      vertex 2.709661E+000 -4.055291E+000 2.451963E+001
      vertex 5.315190E+000 -7.954740E+000 2.309699E+001
      vertex 3.448744E+000 -3.448741E+000 2.451963E+001
    endloop
  endfacet
  facet normal 1.849702E-001 -2.253867E-001 9.565495E-001
    outer loop
      vertex 3.448744E+000 -3.448741E+000 2.451963E+001
      vertex 5.315190E+000 -7.954740E+000 2.309699E+001
      vertex 6.764954E+000 -6.764949E+000 2.309699E+001
    endloop
  endfacet
  facet normal 2.253867E-001 -1.849701E-001 9.565495E-001
    outer loop
      vertex 3.448744E+000 -3.448741E+000 2.451963E+001
      vertex 6.764954E+000 -6.764949E+000 2.309699E+001
      vertex 4.055292E+000 -2.709660E+000 2.451963E+001
    endloop
  endfacet
  facet normal 2.253867E-001 -1.849701E-001 9.565495E-001
    outer loop
      vertex 4.055292E+000 -2.709660E+000 2.451963E+001
      vertex 6.764954E+000 -6.764949E+000 2.309699E+001
      vertex 7.954741E+000 -5.315189E+000 2.309699E+001
    endloop
  endfacet
  facet normal 2.571419E-001 -1.374451E-001 9.565495E-001
    outer loop
      vertex 4.055292E+000 -2.709660E+000 2.451963E+001
      vertex 7.954741E+000 -5.315189E+000 2.309699E+001
      vertex 4.505999E+000 -1.866446E+000 2.451963E+001
    endloop
  endfacet
  facet normal 2.571418E-001 -1.374452E-001 9.565495E-001
    outer loop
      vertex 4.505999E+000 -1.866446E+000 2.451963E+001
      vertex 7.954741E+000 -5.315189E+000 2.309699E+001
      vertex 8.838836E+000 -3.661165E+000 2.309699E+001
    endloop
  endfacet
  facet normal 2.790152E-001 -8.463828E-002 9.565495E-001
    outer loop
      vertex 4.505999E+000 -1.866446E+000 2.451963E+001
      vertex 8.838836E+000 -3.661165E+000 2.309699E+001
      vertex 4.783543E+000 -9.515055E-001 2.451963E+001
    endloop
  endfacet
  facet normal 2.790152E-001 -8.463831E-002 9.565495E-001
    outer loop
      vertex 4.783543E+000 -9.515055E-001 2.451963E+001
      vertex 8.838836E+000 -3.661165E+000 2.309699E+001
      vertex 9.383258E+000 -1.866445E+000 2.309699E+001
    endloop
  endfacet
  facet normal 2.901661E-001 -2.857889E-002 9.565495E-001
    outer loop
      vertex 4.783543E+000 -9.515055E-001 2.451963E+001
      vertex 9.383258E+000 -1.866445E+000 2.309699E+001
      vertex 4.877258E+000 0.000000E+000 2.451963E+001
    endloop
  endfacet
  facet normal 2.901661E-001 -2.857880E-002 9.565495E-001
    outer loop
      vertex 4.877258E+000 0.000000E+000 2.451963E+001
      vertex 9.383258E+000 -1.866445E+000 2.309699E+001
      vertex 9.567086E+000 0.000000E+000 2.309699E+001
    endloop
  endfacet
  facet normal 4.708894E-001 4.637866E-002 8.809723E-001
    outer loop
      vertex 9.567086E+000 0.000000E+000 2.309699E+001
      vertex 1.388926E+001 0.000000E+000 2.078674E+001
      vertex 9.383257E+000 1.866446E+000 2.309699E+001
    endloop
  endfacet
  facet normal 4.708894E-001 4.637853E-002 8.809723E-001
    outer loop
      vertex 9.383257E+000 1.866446E+000 2.309699E+001
      vertex 1.388926E+001 0.000000E+000 2.078674E+001
      vertex 1.362238E+001 2.709660E+000 2.078674E+001
    endloop
  endfacet
  facet normal 4.527933E-001 1.373533E-001 8.809723E-001
    outer loop
      vertex 9.383257E+000 1.866446E+000 2.309699E+001
      vertex 1.362238E+001 2.709660E+000 2.078674E+001
      vertex 8.838835E+000 3.661166E+000 2.309699E+001
    endloop
  endfacet
  facet normal 4.527933E-001 1.373534E-001 8.809724E-001
    outer loop
      vertex 8.838835E+000 3.661166E+000 2.309699E+001
      vertex 1.362238E+001 2.709660E+000 2.078674E+001
      vertex 1.283200E+001 5.315189E+000 2.078674E+001
    endloop
  endfacet
  facet normal 4.172967E-001 2.230497E-001 8.809723E-001
    outer loop
      vertex 8.838835E+000 3.661166E+000 2.309699E+001
      vertex 1.283200E+001 5.315189E+000 2.078674E+001
      vertex 7.954741E+000 5.315188E+000 2.309699E+001
    endloop
  endfacet
  facet normal 4.172967E-001 2.230499E-001 8.809723E-001
    outer loop
      vertex 7.954741E+000 5.315188E+000 2.309699E+001
      vertex 1.283200E+001 5.315189E+000 2.078674E+001
      vertex 1.154849E+001 7.716458E+000 2.078674E+001
    endloop
  endfacet
  facet normal 3.657636E-001 3.001746E-001 8.809723E-001
    outer loop
      vertex 7.954741E+000 5.315188E+000 2.309699E+001
      vertex 1.154849E+001 7.716458E+000 2.078674E+001
      vertex 6.764951E+000 6.764951E+000 2.309699E+001
    endloop
  endfacet
  facet normal 3.657636E-001 3.001746E-001 8.809723E-001
    outer loop
      vertex 6.764951E+000 6.764951E+000 2.309699E+001
      vertex 1.154849E+001 7.716458E+000 2.078674E+001
      vertex 9.821187E+000 9.821187E+000 2.078674E+001
    endloop
  endfacet
  facet normal 3.001746E-001 3.657636E-001 8.809723E-001
    outer loop
      vertex 6.764951E+000 6.764951E+000 2.309699E+001
      vertex 9.821187E+000 9.821187E+000 2.078674E+001
      vertex 5.315188E+000 7.954742E+000 2.309699E+001
    endloop
  endfacet
  facet normal 3.001746E-001 3.657636E-001 8.809723E-001
    outer loop
      vertex 5.315188E+000 7.954742E+000 2.309699E+001
      vertex 9.821187E+000 9.821187E+000 2.078674E+001
      vertex 7.716457E+000 1.154850E+001 2.078674E+001
    endloop
  endfacet
  facet normal 2.230496E-001 4.172968E-001 8.809723E-001
    outer loop
      vertex 5.315188E+000 7.954742E+000 2.309699E+001
      vertex 7.716457E+000 1.154850E+001 2.078674E+001
      vertex 3.661165E+000 8.838835E+000 2.309699E+001
    endloop
  endfacet
  facet normal 2.230497E-001 4.172967E-001 8.809724E-001
    outer loop
      vertex 3.661165E+000 8.838835E+000 2.309699E+001
      vertex 7.716457E+000 1.154850E+001 2.078674E+001
      vertex 5.315188E+000 1.283200E+001 2.078674E+001
    endloop
  endfacet
  facet normal 1.373535E-001 4.527932E-001 8.809723E-001
    outer loop
      vertex 3.661165E+000 8.838835E+000 2.309699E+001
      vertex 5.315188E+000 1.283200E+001 2.078674E+001
      vertex 1.866445E+000 9.383258E+000 2.309699E+001
    endloop
  endfacet
  facet normal 1.373533E-001 4.527934E-001 8.809723E-001
    outer loop
      vertex 1.866445E+000 9.383258E+000 2.309699E+001
      vertex 5.315188E+000 1.283200E+001 2.078674E+001
      vertex 2.709658E+000 1.362238E+001 2.078674E+001
    endloop
  endfacet
  facet normal 4.637844E-002 4.708894E-001 8.809723E-001
    outer loop
      vertex 1.866445E+000 9.383258E+000 2.309699E+001
      vertex 2.709658E+000 1.362238E+001 2.078674E+001
      vertex -4.181906E-007 9.567086E+000 2.309699E+001
    endloop
  endfacet
  facet normal 4.637854E-002 4.708894E-001 8.809723E-001
    outer loop
      vertex -4.181906E-007 9.567086E+000 2.309699E+001
      vertex 2.709658E+000 1.362238E+001 2.078674E+001
      vertex -6.071187E-007 1.388926E+001 2.078674E+001
    endloop
  endfacet
  facet normal -4.637867E-002 4.708894E-001 8.809723E-001
    outer loop
      vertex -4.181906E-007 9.567086E+000 2.309699E+001
      vertex -6.071187E-007 1.388926E+001 2.078674E+001
      vertex -1.866446E+000 9.383257E+000 2.309699E+001
    endloop
  endfacet
  facet normal -4.637853E-002 4.708894E-001 8.809723E-001
    outer loop
      vertex -1.866446E+000 9.383257E+000 2.309699E+001
      vertex -6.071187E-007 1.388926E+001 2.078674E+001
      vertex -2.709660E+000 1.362238E+001 2.078674E+001
    endloop
  endfacet
  facet normal -1.373533E-001 4.527933E-001 8.809724E-001
    outer loop
      vertex -1.866446E+000 9.383257E+000 2.309699E+001
      vertex -2.709660E+000 1.362238E+001 2.078674E+001
      vertex -3.661166E+000 8.838835E+000 2.309699E+001
    endloop
  endfacet
  facet normal -1.373534E-001 4.527934E-001 8.809723E-001
    outer loop
      vertex -3.661166E+000 8.838835E+000 2.309699E+001
      vertex -2.709660E+000 1.362238E+001 2.078674E+001
      vertex -5.315189E+000 1.283200E+001 2.078674E+001
    endloop
  endfacet
  facet normal -2.230498E-001 4.172967E-001 8.809723E-001
    outer loop
      vertex -3.661166E+000 8.838835E+000 2.309699E+001
      vertex -5.315189E+000 1.283200E+001 2.078674E+001
      vertex -5.315189E+000 7.954741E+000 2.309699E+001
    endloop
  endfacet
  facet normal -2.230499E-001 4.172967E-001 8.809723E-001
    outer loop
      vertex -5.315189E+000 7.954741E+000 2.309699E+001
      vertex -5.315189E+000 1.283200E+001 2.078674E+001
      vertex -7.716459E+000 1.154849E+001 2.078674E+001
    endloop
  endfacet
  facet normal -3.001745E-001 3.657636E-001 8.809723E-001
    outer loop
      vertex -5.315189E+000 7.954741E+000 2.309699E+001
      vertex -7.716459E+000 1.154849E+001 2.078674E+001
      vertex -6.764951E+000 6.764951E+000 2.309699E+001
    endloop
  endfacet
  facet normal -3.001746E-001 3.657636E-001 8.809723E-001
    outer loop
      vertex -6.764951E+000 6.764951E+000 2.309699E+001
      vertex -7.716459E+000 1.154849E+001 2.078674E+001
      vertex -9.821187E+000 9.821187E+000 2.078674E+001
    endloop
  endfacet
  facet normal -3.657636E-001 3.001746E-001 8.809723E-001
    outer loop
      vertex -6.764951E+000 6.764951E+000 2.309699E+001
      vertex -9.821187E+000 9.821187E+000 2.078674E+001
      vertex -7.954742E+000 5.315188E+000 2.309699E+001
    endloop
  endfacet
  facet normal -3.657636E-001 3.001746E-001 8.809723E-001
    outer loop
      vertex -7.954742E+000 5.315188E+000 2.309699E+001
      vertex -9.821187E+000 9.821187E+000 2.078674E+001
      vertex -1.154850E+001 7.716457E+000 2.078674E+001
    endloop
  endfacet
  facet normal -4.172968E-001 2.230496E-001 8.809723E-001
    outer loop
      vertex -7.954742E+000 5.315188E+000 2.309699E+001
      vertex -1.154850E+001 7.716457E+000 2.078674E+001
      vertex -8.838836E+000 3.661164E+000 2.309699E+001
    endloop
  endfacet
  facet normal -4.172968E-001 2.230496E-001 8.809723E-001
    outer loop
      vertex -8.838836E+000 3.661164E+000 2.309699E+001
      vertex -1.154850E+001 7.716457E+000 2.078674E+001
      vertex -1.283200E+001 5.315186E+000 2.078674E+001
    endloop
  endfacet
  facet normal -4.527933E-001 1.373535E-001 8.809723E-001
    outer loop
      vertex -8.838836E+000 3.661164E+000 2.309699E+001
      vertex -1.283200E+001 5.315186E+000 2.078674E+001
      vertex -9.383258E+000 1.866446E+000 2.309699E+001
    endloop
  endfacet
  facet normal -4.527934E-001 1.373533E-001 8.809723E-001
    outer loop
      vertex -9.383258E+000 1.866446E+000 2.309699E+001
      vertex -1.283200E+001 5.315186E+000 2.078674E+001
      vertex -1.362238E+001 2.709659E+000 2.078674E+001
    endloop
  endfacet
  facet normal -4.708895E-001 4.637842E-002 8.809723E-001
    outer loop
      vertex -9.383258E+000 1.866446E+000 2.309699E+001
      vertex -1.362238E+001 2.709659E+000 2.078674E+001
      vertex -9.567086E+000 -8.363812E-007 2.309699E+001
    endloop
  endfacet
  facet normal -4.708894E-001 4.637851E-002 8.809723E-001
    outer loop
      vertex -9.567086E+000 -8.363812E-007 2.309699E+001
      vertex -1.362238E+001 2.709659E+000 2.078674E+001
      vertex -1.388926E+001 -1.214237E-006 2.078674E+001
    endloop
  endfacet
  facet normal -4.708894E-001 -4.637864E-002 8.809724E-001
    outer loop
      vertex -9.567086E+000 -8.363812E-007 2.309699E+001
      vertex -1.388926E+001 -1.214237E-006 2.078674E+001
      vertex -9.383257E+000 -1.866448E+000 2.309699E+001
    endloop
  endfacet
  facet normal -4.708893E-001 -4.637851E-002 8.809723E-001
    outer loop
      vertex -9.383257E+000 -1.866448E+000 2.309699E+001
      vertex -1.388926E+001 -1.214237E-006 2.078674E+001
      vertex -1.362238E+001 -2.709662E+000 2.078674E+001
    endloop
  endfacet
  facet normal -4.527933E-001 -1.373535E-001 8.809723E-001
    outer loop
      vertex -9.383257E+000 -1.866448E+000 2.309699E+001
      vertex -1.362238E+001 -2.709662E+000 2.078674E+001
      vertex -8.838835E+000 -3.661165E+000 2.309699E+001
    endloop
  endfacet
  facet normal -4.527933E-001 -1.373535E-001 8.809724E-001
    outer loop
      vertex -8.838835E+000 -3.661165E+000 2.309699E+001
      vertex -1.362238E+001 -2.709662E+000 2.078674E+001
      vertex -1.283200E+001 -5.315188E+000 2.078674E+001
    endloop
  endfacet
  facet normal -4.172967E-001 -2.230498E-001 8.809724E-001
    outer loop
      vertex -8.838835E+000 -3.661165E+000 2.309699E+001
      vertex -1.283200E+001 -5.315188E+000 2.078674E+001
      vertex -7.954741E+000 -5.315189E+000 2.309699E+001
    endloop
  endfacet
  facet normal -4.172966E-001 -2.230499E-001 8.809723E-001
    outer loop
      vertex -7.954741E+000 -5.315189E+000 2.309699E+001
      vertex -1.283200E+001 -5.315188E+000 2.078674E+001
      vertex -1.154849E+001 -7.716458E+000 2.078674E+001
    endloop
  endfacet
  facet normal -3.657637E-001 -3.001745E-001 8.809723E-001
    outer loop
      vertex -7.954741E+000 -5.315189E+000 2.309699E+001
      vertex -1.154849E+001 -7.716458E+000 2.078674E+001
      vertex -6.764950E+000 -6.764953E+000 2.309699E+001
    endloop
  endfacet
  facet normal -3.657637E-001 -3.001744E-001 8.809723E-001
    outer loop
      vertex -6.764950E+000 -6.764953E+000 2.309699E+001
      vertex -1.154849E+001 -7.716458E+000 2.078674E+001
      vertex -9.821186E+000 -9.821189E+000 2.078674E+001
    endloop
  endfacet
  facet normal -3.001744E-001 -3.657637E-001 8.809723E-001
    outer loop
      vertex -6.764950E+000 -6.764953E+000 2.309699E+001
      vertex -9.821186E+000 -9.821189E+000 2.078674E+001
      vertex -5.315186E+000 -7.954743E+000 2.309699E+001
    endloop
  endfacet
  facet normal -3.001744E-001 -3.657637E-001 8.809723E-001
    outer loop
      vertex -5.315186E+000 -7.954743E+000 2.309699E+001
      vertex -9.821186E+000 -9.821189E+000 2.078674E+001
      vertex -7.716455E+000 -1.154850E+001 2.078674E+001
    endloop
  endfacet
  facet normal -2.230497E-001 -4.172967E-001 8.809724E-001
    outer loop
      vertex -5.315186E+000 -7.954743E+000 2.309699E+001
      vertex -7.716455E+000 -1.154850E+001 2.078674E+001
      vertex -3.661162E+000 -8.838837E+000 2.309699E+001
    endloop
  endfacet
  facet normal -2.230495E-001 -4.172969E-001 8.809723E-001
    outer loop
      vertex -3.661162E+000 -8.838837E+000 2.309699E+001
      vertex -7.716455E+000 -1.154850E+001 2.078674E+001
      vertex -5.315184E+000 -1.283200E+001 2.078674E+001
    endloop
  endfacet
  facet normal -1.373532E-001 -4.527934E-001 8.809723E-001
    outer loop
      vertex -3.661162E+000 -8.838837E+000 2.309699E+001
      vertex -5.315184E+000 -1.283200E+001 2.078674E+001
      vertex -1.866446E+000 -9.383257E+000 2.309699E+001
    endloop
  endfacet
  facet normal -1.373533E-001 -4.527934E-001 8.809723E-001
    outer loop
      vertex -1.866446E+000 -9.383257E+000 2.309699E+001
      vertex -5.315184E+000 -1.283200E+001 2.078674E+001
      vertex -2.709660E+000 -1.362238E+001 2.078674E+001
    endloop
  endfacet
  facet normal -4.637864E-002 -4.708893E-001 8.809724E-001
    outer loop
      vertex -1.866446E+000 -9.383257E+000 2.309699E+001
      vertex -2.709660E+000 -1.362238E+001 2.078674E+001
      vertex 1.140864E-007 -9.567086E+000 2.309699E+001
    endloop
  endfacet
  facet normal -4.637852E-002 -4.708894E-001 8.809723E-001
    outer loop
      vertex 1.140864E-007 -9.567086E+000 2.309699E+001
      vertex -2.709660E+000 -1.362238E+001 2.078674E+001
      vertex 1.656277E-007 -1.388926E+001 2.078674E+001
    endloop
  endfacet
  facet normal 4.637864E-002 -4.708894E-001 8.809724E-001
    outer loop
      vertex 1.140864E-007 -9.567086E+000 2.309699E+001
      vertex 1.656277E-007 -1.388926E+001 2.078674E+001
      vertex 1.866447E+000 -9.383257E+000 2.309699E+001
    endloop
  endfacet
  facet normal 4.637851E-002 -4.708893E-001 8.809724E-001
    outer loop
      vertex 1.866447E+000 -9.383257E+000 2.309699E+001
      vertex 1.656277E-007 -1.388926E+001 2.078674E+001
      vertex 2.709661E+000 -1.362238E+001 2.078674E+001
    endloop
  endfacet
  facet normal 1.373533E-001 -4.527933E-001 8.809724E-001
    outer loop
      vertex 1.866447E+000 -9.383257E+000 2.309699E+001
      vertex 2.709661E+000 -1.362238E+001 2.078674E+001
      vertex 3.661167E+000 -8.838835E+000 2.309699E+001
    endloop
  endfacet
  facet normal 1.373535E-001 -4.527934E-001 8.809723E-001
    outer loop
      vertex 3.661167E+000 -8.838835E+000 2.309699E+001
      vertex 2.709661E+000 -1.362238E+001 2.078674E+001
      vertex 5.315191E+000 -1.283200E+001 2.078674E+001
    endloop
  endfacet
  facet normal 2.230500E-001 -4.172967E-001 8.809723E-001
    outer loop
      vertex 3.661167E+000 -8.838835E+000 2.309699E+001
      vertex 5.315191E+000 -1.283200E+001 2.078674E+001
      vertex 5.315190E+000 -7.954740E+000 2.309699E+001
    endloop
  endfacet
  facet normal 2.230499E-001 -4.172967E-001 8.809723E-001
    outer loop
      vertex 5.315190E+000 -7.954740E+000 2.309699E+001
      vertex 5.315191E+000 -1.283200E+001 2.078674E+001
      vertex 7.716460E+000 -1.154849E+001 2.078674E+001
    endloop
  endfacet
  facet normal 3.001746E-001 -3.657636E-001 8.809723E-001
    outer loop
      vertex 5.315190E+000 -7.954740E+000 2.309699E+001
      vertex 7.716460E+000 -1.154849E+001 2.078674E+001
      vertex 6.764954E+000 -6.764949E+000 2.309699E+001
    endloop
  endfacet
  facet normal 3.001746E-001 -3.657636E-001 8.809723E-001
    outer loop
      vertex 6.764954E+000 -6.764949E+000 2.309699E+001
      vertex 7.716460E+000 -1.154849E+001 2.078674E+001
      vertex 9.821191E+000 -9.821184E+000 2.078674E+001
    endloop
  endfacet
  facet normal 3.657636E-001 -3.001745E-001 8.809723E-001
    outer loop
      vertex 6.764954E+000 -6.764949E+000 2.309699E+001
      vertex 9.821191E+000 -9.821184E+000 2.078674E+001
      vertex 7.954741E+000 -5.315189E+000 2.309699E+001
    endloop
  endfacet
  facet normal 3.657637E-001 -3.001744E-001 8.809724E-001
    outer loop
      vertex 7.954741E+000 -5.315189E+000 2.309699E+001
      vertex 9.821191E+000 -9.821184E+000 2.078674E+001
      vertex 1.154849E+001 -7.716458E+000 2.078674E+001
    endloop
  endfacet
  facet normal 4.172968E-001 -2.230498E-001 8.809724E-001
    outer loop
      vertex 7.954741E+000 -5.315189E+000 2.309699E+001
      vertex 1.154849E+001 -7.716458E+000 2.078674E+001
      vertex 8.838836E+000 -3.661165E+000 2.309699E+001
    endloop
  endfacet
  facet normal 4.172968E-001 -2.230498E-001 8.809723E-001
    outer loop
      vertex 8.838836E+000 -3.661165E+000 2.309699E+001
      vertex 1.154849E+001 -7.716458E+000 2.078674E+001
      vertex 1.283200E+001 -5.315188E+000 2.078674E+001
    endloop
  endfacet
  facet normal 4.527934E-001 -1.373533E-001 8.809723E-001
    outer loop
      vertex 8.838836E+000 -3.661165E+000 2.309699E+001
      vertex 1.283200E+001 -5.315188E+000 2.078674E+001
      vertex 9.383258E+000 -1.866445E+000 2.309699E+001
    endloop
  endfacet
  facet normal 4.527934E-001 -1.373533E-001 8.809723E-001
    outer loop
      vertex 9.383258E+000 -1.866445E+000 2.309699E+001
      vertex 1.283200E+001 -5.315188E+000 2.078674E+001
      vertex 1.362238E+001 -2.709658E+000 2.078674E+001
    endloop
  endfacet
  facet normal 4.708894E-001 -4.637846E-002 8.809723E-001
    outer loop
      vertex 9.383258E+000 -1.866445E+000 2.309699E+001
      vertex 1.362238E+001 -2.709658E+000 2.078674E+001
      vertex 9.567086E+000 0.000000E+000 2.309699E+001
    endloop
  endfacet
  facet normal 4.708893E-001 -4.637855E-002 8.809723E-001
    outer loop
      vertex 9.567086E+000 0.000000E+000 2.309699E+001
      vertex 1.362238E+001 -2.709658E+000 2.078674E+001
      vertex 1.388926E+001 0.000000E+000 2.078674E+001
    endloop
  endfacet
  facet normal 6.331585E-001 6.236066E-002 7.715060E-001
    outer loop
      vertex 1.388926E+001 0.000000E+000 2.078674E+001
      vertex 1.767767E+001 0.000000E+000 1.767767E+001
      vertex 1.362238E+001 2.709660E+000 2.078674E+001
    endloop
  endfacet
  facet normal 6.331585E-001 6.236081E-002 7.715059E-001
    outer loop
      vertex 1.362238E+001 2.709660E+000 2.078674E+001
      vertex 1.767767E+001 0.000000E+000 1.767767E+001
      vertex 1.733800E+001 3.448742E+000 1.767767E+001
    endloop
  endfacet
  facet normal 6.088267E-001 1.846855E-001 7.715059E-001
    outer loop
      vertex 1.362238E+001 2.709660E+000 2.078674E+001
      vertex 1.733800E+001 3.448742E+000 1.767767E+001
      vertex 1.283200E+001 5.315189E+000 2.078674E+001
    endloop
  endfacet
  facet normal 6.088267E-001 1.846854E-001 7.715060E-001
    outer loop
      vertex 1.283200E+001 5.315189E+000 2.078674E+001
      vertex 1.733800E+001 3.448742E+000 1.767767E+001
      vertex 1.633204E+001 6.764952E+000 1.767767E+001
    endloop
  endfacet
  facet normal 5.610977E-001 2.999131E-001 7.715060E-001
    outer loop
      vertex 1.283200E+001 5.315189E+000 2.078674E+001
      vertex 1.633204E+001 6.764952E+000 1.767767E+001
      vertex 1.154849E+001 7.716458E+000 2.078674E+001
    endloop
  endfacet
  facet normal 5.610977E-001 2.999132E-001 7.715059E-001
    outer loop
      vertex 1.154849E+001 7.716458E+000 2.078674E+001
      vertex 1.633204E+001 6.764952E+000 1.767767E+001
      vertex 1.469844E+001 9.821187E+000 1.767767E+001
    endloop
  endfacet
  facet normal 4.918063E-001 4.036152E-001 7.715060E-001
    outer loop
      vertex 1.154849E+001 7.716458E+000 2.078674E+001
      vertex 1.469844E+001 9.821187E+000 1.767767E+001
      vertex 9.821187E+000 9.821187E+000 2.078674E+001
    endloop
  endfacet
  facet normal 4.918063E-001 4.036149E-001 7.715060E-001
    outer loop
      vertex 9.821187E+000 9.821187E+000 2.078674E+001
      vertex 1.469844E+001 9.821187E+000 1.767767E+001
      vertex 1.250000E+001 1.250000E+001 1.767767E+001
    endloop
  endfacet
  facet normal 4.036151E-001 4.918062E-001 7.715060E-001
    outer loop
      vertex 9.821187E+000 9.821187E+000 2.078674E+001
      vertex 1.250000E+001 1.250000E+001 1.767767E+001
      vertex 7.716457E+000 1.154850E+001 2.078674E+001
    endloop
  endfacet
  facet normal 4.036150E-001 4.918064E-001 7.715060E-001
    outer loop
      vertex 7.716457E+000 1.154850E+001 2.078674E+001
      vertex 1.250000E+001 1.250000E+001 1.767767E+001
      vertex 9.821186E+000 1.469845E+001 1.767767E+001
    endloop
  endfacet
  facet normal 2.999130E-001 5.610979E-001 7.715060E-001
    outer loop
      vertex 7.716457E+000 1.154850E+001 2.078674E+001
      vertex 9.821186E+000 1.469845E+001 1.767767E+001
      vertex 5.315188E+000 1.283200E+001 2.078674E+001
    endloop
  endfacet
  facet normal 2.999130E-001 5.610978E-001 7.715060E-001
    outer loop
      vertex 5.315188E+000 1.283200E+001 2.078674E+001
      vertex 9.821186E+000 1.469845E+001 1.767767E+001
      vertex 6.764951E+000 1.633204E+001 1.767767E+001
    endloop
  endfacet
  facet normal 1.846855E-001 6.088266E-001 7.715060E-001
    outer loop
      vertex 5.315188E+000 1.283200E+001 2.078674E+001
      vertex 6.764951E+000 1.633204E+001 1.767767E+001
      vertex 2.709658E+000 1.362238E+001 2.078674E+001
    endloop
  endfacet
  facet normal 1.846856E-001 6.088265E-001 7.715061E-001
    outer loop
      vertex 2.709658E+000 1.362238E+001 2.078674E+001
      vertex 6.764951E+000 1.633204E+001 1.767767E+001
      vertex 3.448741E+000 1.733800E+001 1.767767E+001
    endloop
  endfacet
  facet normal 6.236066E-002 6.331584E-001 7.715061E-001
    outer loop
      vertex 2.709658E+000 1.362238E+001 2.078674E+001
      vertex 3.448741E+000 1.733800E+001 1.767767E+001
      vertex -6.071187E-007 1.388926E+001 2.078674E+001
    endloop
  endfacet
  facet normal 6.236042E-002 6.331585E-001 7.715060E-001
    outer loop
      vertex -6.071187E-007 1.388926E+001 2.078674E+001
      vertex 3.448741E+000 1.733800E+001 1.767767E+001
      vertex -7.727155E-007 1.767767E+001 1.767767E+001
    endloop
  endfacet
  facet normal -6.236067E-002 6.331585E-001 7.715060E-001
    outer loop
      vertex -6.071187E-007 1.388926E+001 2.078674E+001
      vertex -7.727155E-007 1.767767E+001 1.767767E+001
      vertex -2.709660E+000 1.362238E+001 2.078674E+001
    endloop
  endfacet
  facet normal -6.236083E-002 6.331586E-001 7.715059E-001
    outer loop
      vertex -2.709660E+000 1.362238E+001 2.078674E+001
      vertex -7.727155E-007 1.767767E+001 1.767767E+001
      vertex -3.448742E+000 1.733800E+001 1.767767E+001
    endloop
  endfacet
  facet normal -1.846855E-001 6.088266E-001 7.715059E-001
    outer loop
      vertex -2.709660E+000 1.362238E+001 2.078674E+001
      vertex -3.448742E+000 1.733800E+001 1.767767E+001
      vertex -5.315189E+000 1.283200E+001 2.078674E+001
    endloop
  endfacet
  facet normal -1.846854E-001 6.088266E-001 7.715060E-001
    outer loop
      vertex -5.315189E+000 1.283200E+001 2.078674E+001
      vertex -3.448742E+000 1.733800E+001 1.767767E+001
      vertex -6.764953E+000 1.633204E+001 1.767767E+001
    endloop
  endfacet
  facet normal -2.999132E-001 5.610977E-001 7.715060E-001
    outer loop
      vertex -5.315189E+000 1.283200E+001 2.078674E+001
      vertex -6.764953E+000 1.633204E+001 1.767767E+001
      vertex -7.716459E+000 1.154849E+001 2.078674E+001
    endloop
  endfacet
  facet normal -2.999132E-001 5.610977E-001 7.715059E-001
    outer loop
      vertex -7.716459E+000 1.154849E+001 2.078674E+001
      vertex -6.764953E+000 1.633204E+001 1.767767E+001
      vertex -9.821189E+000 1.469844E+001 1.767767E+001
    endloop
  endfacet
  facet normal -4.036151E-001 4.918062E-001 7.715060E-001
    outer loop
      vertex -7.716459E+000 1.154849E+001 2.078674E+001
      vertex -9.821189E+000 1.469844E+001 1.767767E+001
      vertex -9.821187E+000 9.821187E+000 2.078674E+001
    endloop
  endfacet
  facet normal -4.036150E-001 4.918063E-001 7.715061E-001
    outer loop
      vertex -9.821187E+000 9.821187E+000 2.078674E+001
      vertex -9.821189E+000 1.469844E+001 1.767767E+001
      vertex -1.250000E+001 1.250000E+001 1.767767E+001
    endloop
  endfacet
  facet normal -4.918062E-001 4.036151E-001 7.715060E-001
    outer loop
      vertex -9.821187E+000 9.821187E+000 2.078674E+001
      vertex -1.250000E+001 1.250000E+001 1.767767E+001
      vertex -1.154850E+001 7.716457E+000 2.078674E+001
    endloop
  endfacet
  facet normal -4.918064E-001 4.036150E-001 7.715060E-001
    outer loop
      vertex -1.154850E+001 7.716457E+000 2.078674E+001
      vertex -1.250000E+001 1.250000E+001 1.767767E+001
      vertex -1.469845E+001 9.821186E+000 1.767767E+001
    endloop
  endfacet
  facet normal -5.610979E-001 2.999130E-001 7.715060E-001
    outer loop
      vertex -1.154850E+001 7.716457E+000 2.078674E+001
      vertex -1.469845E+001 9.821186E+000 1.767767E+001
      vertex -1.283200E+001 5.315186E+000 2.078674E+001
    endloop
  endfacet
  facet normal -5.610977E-001 2.999131E-001 7.715060E-001
    outer loop
      vertex -1.283200E+001 5.315186E+000 2.078674E+001
      vertex -1.469845E+001 9.821186E+000 1.767767E+001
      vertex -1.633204E+001 6.764948E+000 1.767767E+001
    endloop
  endfacet
  facet normal -6.088265E-001 1.846855E-001 7.715060E-001
    outer loop
      vertex -1.283200E+001 5.315186E+000 2.078674E+001
      vertex -1.633204E+001 6.764948E+000 1.767767E+001
      vertex -1.362238E+001 2.709659E+000 2.078674E+001
    endloop
  endfacet
  facet normal -6.088264E-001 1.846855E-001 7.715060E-001
    outer loop
      vertex -1.362238E+001 2.709659E+000 2.078674E+001
      vertex -1.633204E+001 6.764948E+000 1.767767E+001
      vertex -1.733800E+001 3.448742E+000 1.767767E+001
    endloop
  endfacet
  facet normal -6.331584E-001 6.236063E-002 7.715061E-001
    outer loop
      vertex -1.362238E+001 2.709659E+000 2.078674E+001
      vertex -1.733800E+001 3.448742E+000 1.767767E+001
      vertex -1.388926E+001 -1.214237E-006 2.078674E+001
    endloop
  endfacet
  facet normal -6.331585E-001 6.236039E-002 7.715060E-001
    outer loop
      vertex -1.388926E+001 -1.214237E-006 2.078674E+001
      vertex -1.733800E+001 3.448742E+000 1.767767E+001
      vertex -1.767767E+001 -1.545431E-006 1.767767E+001
    endloop
  endfacet
  facet normal -6.331585E-001 -6.236064E-002 7.715060E-001
    outer loop
      vertex -1.388926E+001 -1.214237E-006 2.078674E+001
      vertex -1.767767E+001 -1.545431E-006 1.767767E+001
      vertex -1.362238E+001 -2.709662E+000 2.078674E+001
    endloop
  endfacet
  facet normal -6.331586E-001 -6.236078E-002 7.715060E-001
    outer loop
      vertex -1.362238E+001 -2.709662E+000 2.078674E+001
      vertex -1.767767E+001 -1.545431E-006 1.767767E+001
      vertex -1.733800E+001 -3.448745E+000 1.767767E+001
    endloop
  endfacet
  facet normal -6.088266E-001 -1.846857E-001 7.715060E-001
    outer loop
      vertex -1.362238E+001 -2.709662E+000 2.078674E+001
      vertex -1.733800E+001 -3.448745E+000 1.767767E+001
      vertex -1.283200E+001 -5.315188E+000 2.078674E+001
    endloop
  endfacet
  facet normal -6.088266E-001 -1.846856E-001 7.715060E-001
    outer loop
      vertex -1.283200E+001 -5.315188E+000 2.078674E+001
      vertex -1.733800E+001 -3.448745E+000 1.767767E+001
      vertex -1.633204E+001 -6.764951E+000 1.767767E+001
    endloop
  endfacet
  facet normal -5.610977E-001 -2.999132E-001 7.715060E-001
    outer loop
      vertex -1.283200E+001 -5.315188E+000 2.078674E+001
      vertex -1.633204E+001 -6.764951E+000 1.767767E+001
      vertex -1.154849E+001 -7.716458E+000 2.078674E+001
    endloop
  endfacet
  facet normal -5.610977E-001 -2.999132E-001 7.715060E-001
    outer loop
      vertex -1.154849E+001 -7.716458E+000 2.078674E+001
      vertex -1.633204E+001 -6.764951E+000 1.767767E+001
      vertex -1.469844E+001 -9.821188E+000 1.767767E+001
    endloop
  endfacet
  facet normal -4.918064E-001 -4.036150E-001 7.715060E-001
    outer loop
      vertex -1.154849E+001 -7.716458E+000 2.078674E+001
      vertex -1.469844E+001 -9.821188E+000 1.767767E+001
      vertex -9.821186E+000 -9.821189E+000 2.078674E+001
    endloop
  endfacet
  facet normal -4.918063E-001 -4.036150E-001 7.715060E-001
    outer loop
      vertex -9.821186E+000 -9.821189E+000 2.078674E+001
      vertex -1.469844E+001 -9.821188E+000 1.767767E+001
      vertex -1.250000E+001 -1.250000E+001 1.767767E+001
    endloop
  endfacet
  facet normal -4.036150E-001 -4.918063E-001 7.715059E-001
    outer loop
      vertex -9.821186E+000 -9.821189E+000 2.078674E+001
      vertex -1.250000E+001 -1.250000E+001 1.767767E+001
      vertex -7.716455E+000 -1.154850E+001 2.078674E+001
    endloop
  endfacet
  facet normal -4.036150E-001 -4.918064E-001 7.715060E-001
    outer loop
      vertex -7.716455E+000 -1.154850E+001 2.078674E+001
      vertex -1.250000E+001 -1.250000E+001 1.767767E+001
      vertex -9.821183E+000 -1.469845E+001 1.767767E+001
    endloop
  endfacet
  facet normal -2.999128E-001 -5.610979E-001 7.715060E-001
    outer loop
      vertex -7.716455E+000 -1.154850E+001 2.078674E+001
      vertex -9.821183E+000 -1.469845E+001 1.767767E+001
      vertex -5.315184E+000 -1.283200E+001 2.078674E+001
    endloop
  endfacet
  facet normal -2.999127E-001 -5.610980E-001 7.715059E-001
    outer loop
      vertex -5.315184E+000 -1.283200E+001 2.078674E+001
      vertex -9.821183E+000 -1.469845E+001 1.767767E+001
      vertex -6.764946E+000 -1.633204E+001 1.767767E+001
    endloop
  endfacet
  facet normal -1.846855E-001 -6.088266E-001 7.715060E-001
    outer loop
      vertex -5.315184E+000 -1.283200E+001 2.078674E+001
      vertex -6.764946E+000 -1.633204E+001 1.767767E+001
      vertex -2.709660E+000 -1.362238E+001 2.078674E+001
    endloop
  endfacet
  facet normal -1.846855E-001 -6.088266E-001 7.715059E-001
    outer loop
      vertex -2.709660E+000 -1.362238E+001 2.078674E+001
      vertex -6.764946E+000 -1.633204E+001 1.767767E+001
      vertex -3.448743E+000 -1.733800E+001 1.767767E+001
    endloop
  endfacet
  facet normal -6.236064E-002 -6.331585E-001 7.715059E-001
    outer loop
      vertex -2.709660E+000 -1.362238E+001 2.078674E+001
      vertex -3.448743E+000 -1.733800E+001 1.767767E+001
      vertex 1.656277E-007 -1.388926E+001 2.078674E+001
    endloop
  endfacet
  facet normal -6.236072E-002 -6.331584E-001 7.715060E-001
    outer loop
      vertex 1.656277E-007 -1.388926E+001 2.078674E+001
      vertex -3.448743E+000 -1.733800E+001 1.767767E+001
      vertex 2.108041E-007 -1.767767E+001 1.767767E+001
    endloop
  endfacet
  facet normal 6.236064E-002 -6.331585E-001 7.715060E-001
    outer loop
      vertex 1.656277E-007 -1.388926E+001 2.078674E+001
      vertex 2.108041E-007 -1.767767E+001 1.767767E+001
      vertex 2.709661E+000 -1.362238E+001 2.078674E+001
    endloop
  endfacet
  facet normal 6.236078E-002 -6.331585E-001 7.715059E-001
    outer loop
      vertex 2.709661E+000 -1.362238E+001 2.078674E+001
      vertex 2.108041E-007 -1.767767E+001 1.767767E+001
      vertex 3.448744E+000 -1.733800E+001 1.767767E+001
    endloop
  endfacet
  facet normal 1.846857E-001 -6.088266E-001 7.715059E-001
    outer loop
      vertex 2.709661E+000 -1.362238E+001 2.078674E+001
      vertex 3.448744E+000 -1.733800E+001 1.767767E+001
      vertex 5.315191E+000 -1.283200E+001 2.078674E+001
    endloop
  endfacet
  facet normal 1.846857E-001 -6.088266E-001 7.715059E-001
    outer loop
      vertex 5.315191E+000 -1.283200E+001 2.078674E+001
      vertex 3.448744E+000 -1.733800E+001 1.767767E+001
      vertex 6.764954E+000 -1.633204E+001 1.767767E+001
    endloop
  endfacet
  facet normal 2.999133E-001 -5.610978E-001 7.715059E-001
    outer loop
      vertex 5.315191E+000 -1.283200E+001 2.078674E+001
      vertex 6.764954E+000 -1.633204E+001 1.767767E+001
      vertex 7.716460E+000 -1.154849E+001 2.078674E+001
    endloop
  endfacet
  facet normal 2.999131E-001 -5.610978E-001 7.715060E-001
    outer loop
      vertex 7.716460E+000 -1.154849E+001 2.078674E+001
      vertex 6.764954E+000 -1.633204E+001 1.767767E+001
      vertex 9.821190E+000 -1.469844E+001 1.767767E+001
    endloop
  endfacet
  facet normal 4.036151E-001 -4.918063E-001 7.715059E-001
    outer loop
      vertex 7.716460E+000 -1.154849E+001 2.078674E+001
      vertex 9.821190E+000 -1.469844E+001 1.767767E+001
      vertex 9.821191E+000 -9.821184E+000 2.078674E+001
    endloop
  endfacet
  facet normal 4.036152E-001 -4.918062E-001 7.715060E-001
    outer loop
      vertex 9.821191E+000 -9.821184E+000 2.078674E+001
      vertex 9.821190E+000 -1.469844E+001 1.767767E+001
      vertex 1.250000E+001 -1.250000E+001 1.767767E+001
    endloop
  endfacet
  facet normal 4.918064E-001 -4.036150E-001 7.715059E-001
    outer loop
      vertex 9.821191E+000 -9.821184E+000 2.078674E+001
      vertex 1.250000E+001 -1.250000E+001 1.767767E+001
      vertex 1.154849E+001 -7.716458E+000 2.078674E+001
    endloop
  endfacet
  facet normal 4.918064E-001 -4.036150E-001 7.715060E-001
    outer loop
      vertex 1.154849E+001 -7.716458E+000 2.078674E+001
      vertex 1.250000E+001 -1.250000E+001 1.767767E+001
      vertex 1.469844E+001 -9.821188E+000 1.767767E+001
    endloop
  endfacet
  facet normal 5.610978E-001 -2.999130E-001 7.715060E-001
    outer loop
      vertex 1.154849E+001 -7.716458E+000 2.078674E+001
      vertex 1.469844E+001 -9.821188E+000 1.767767E+001
      vertex 1.283200E+001 -5.315188E+000 2.078674E+001
    endloop
  endfacet
  facet normal 5.610978E-001 -2.999130E-001 7.715060E-001
    outer loop
      vertex 1.283200E+001 -5.315188E+000 2.078674E+001
      vertex 1.469844E+001 -9.821188E+000 1.767767E+001
      vertex 1.633204E+001 -6.764951E+000 1.767767E+001
    endloop
  endfacet
  facet normal 6.088266E-001 -1.846855E-001 7.715060E-001
    outer loop
      vertex 1.283200E+001 -5.315188E+000 2.078674E+001
      vertex 1.633204E+001 -6.764951E+000 1.767767E+001
      vertex 1.362238E+001 -2.709658E+000 2.078674E+001
    endloop
  endfacet
  facet normal 6.088265E-001 -1.846856E-001 7.715061E-001
    outer loop
      vertex 1.362238E+001 -2.709658E+000 2.078674E+001
      vertex 1.633204E+001 -6.764951E+000 1.767767E+001
      vertex 1.733800E+001 -3.448741E+000 1.767767E+001
    endloop
  endfacet
  facet normal 6.331584E-001 -6.236068E-002 7.715061E-001
    outer loop
      vertex 1.362238E+001 -2.709658E+000 2.078674E+001
      vertex 1.733800E+001 -3.448741E+000 1.767767E+001
      vertex 1.388926E+001 0.000000E+000 2.078674E+001
    endloop
  endfacet
  facet normal 6.331585E-001 -6.236044E-002 7.715060E-001
    outer loop
      vertex 1.388926E+001 0.000000E+000 2.078674E+001
      vertex 1.733800E+001 -3.448741E+000 1.767767E+001
      vertex 1.767767E+001 0.000000E+000 1.767767E+001
    endloop
  endfacet
  facet normal 7.707798E-001 7.591533E-002 6.325626E-001
    outer loop
      vertex 1.767767E+001 0.000000E+000 1.767767E+001
      vertex 2.078674E+001 0.000000E+000 1.388925E+001
      vertex 1.733800E+001 3.448742E+000 1.767767E+001
    endloop
  endfacet
  facet normal 7.707797E-001 7.591531E-002 6.325626E-001
    outer loop
      vertex 1.733800E+001 3.448742E+000 1.767767E+001
      vertex 2.078674E+001 0.000000E+000 1.388925E+001
      vertex 2.038733E+001 4.055292E+000 1.388925E+001
    endloop
  endfacet
  facet normal 7.411591E-001 2.248280E-001 6.325626E-001
    outer loop
      vertex 1.733800E+001 3.448742E+000 1.767767E+001
      vertex 2.038733E+001 4.055292E+000 1.388925E+001
      vertex 1.633204E+001 6.764952E+000 1.767767E+001
    endloop
  endfacet
  facet normal 7.411592E-001 2.248280E-001 6.325626E-001
    outer loop
      vertex 1.633204E+001 6.764952E+000 1.767767E+001
      vertex 2.038733E+001 4.055292E+000 1.388925E+001
      vertex 1.920444E+001 7.954742E+000 1.388925E+001
    endloop
  endfacet
  facet normal 6.830561E-001 3.651012E-001 6.325626E-001
    outer loop
      vertex 1.633204E+001 6.764952E+000 1.767767E+001
      vertex 1.920444E+001 7.954742E+000 1.388925E+001
      vertex 1.469844E+001 9.821187E+000 1.767767E+001
    endloop
  endfacet
  facet normal 6.830561E-001 3.651013E-001 6.325626E-001
    outer loop
      vertex 1.469844E+001 9.821187E+000 1.767767E+001
      vertex 1.920444E+001 7.954742E+000 1.388925E+001
      vertex 1.728354E+001 1.154850E+001 1.388925E+001
    endloop
  endfacet
  facet normal 5.987038E-001 4.913433E-001 6.325626E-001
    outer loop
      vertex 1.469844E+001 9.821187E+000 1.767767E+001
      vertex 1.728354E+001 1.154850E+001 1.388925E+001
      vertex 1.250000E+001 1.250000E+001 1.767767E+001
    endloop
  endfacet
  facet normal 5.987037E-001 4.913435E-001 6.325625E-001
    outer loop
      vertex 1.250000E+001 1.250000E+001 1.767767E+001
      vertex 1.728354E+001 1.154850E+001 1.388925E+001
      vertex 1.469845E+001 1.469845E+001 1.388925E+001
    endloop
  endfacet
  facet normal 4.913434E-001 5.987038E-001 6.325625E-001
    outer loop
      vertex 1.250000E+001 1.250000E+001 1.767767E+001
      vertex 1.469845E+001 1.469845E+001 1.388925E+001
      vertex 9.821186E+000 1.469845E+001 1.767767E+001
    endloop
  endfacet
  facet normal 4.913435E-001 5.987037E-001 6.325626E-001
    outer loop
      vertex 9.821186E+000 1.469845E+001 1.767767E+001
      vertex 1.469845E+001 1.469845E+001 1.388925E+001
      vertex 1.154849E+001 1.728354E+001 1.388925E+001
    endloop
  endfacet
  facet normal 3.651011E-001 6.830561E-001 6.325626E-001
    outer loop
      vertex 9.821186E+000 1.469845E+001 1.767767E+001
      vertex 1.154849E+001 1.728354E+001 1.388925E+001
      vertex 6.764951E+000 1.633204E+001 1.767767E+001
    endloop
  endfacet
  facet normal 3.651011E-001 6.830561E-001 6.325626E-001
    outer loop
      vertex 6.764951E+000 1.633204E+001 1.767767E+001
      vertex 1.154849E+001 1.728354E+001 1.388925E+001
      vertex 7.954741E+000 1.920444E+001 1.388925E+001
    endloop
  endfacet
  facet normal 2.248284E-001 7.411591E-001 6.325626E-001
    outer loop
      vertex 6.764951E+000 1.633204E+001 1.767767E+001
      vertex 7.954741E+000 1.920444E+001 1.388925E+001
      vertex 3.448741E+000 1.733800E+001 1.767767E+001
    endloop
  endfacet
  facet normal 2.248282E-001 7.411591E-001 6.325625E-001
    outer loop
      vertex 3.448741E+000 1.733800E+001 1.767767E+001
      vertex 7.954741E+000 1.920444E+001 1.388925E+001
      vertex 4.055290E+000 2.038733E+001 1.388925E+001
    endloop
  endfacet
  facet normal 7.591491E-002 7.707798E-001 6.325626E-001
    outer loop
      vertex 3.448741E+000 1.733800E+001 1.767767E+001
      vertex 4.055290E+000 2.038733E+001 1.388925E+001
      vertex -7.727155E-007 1.767767E+001 1.767767E+001
    endloop
  endfacet
  facet normal 7.591499E-002 7.707798E-001 6.325626E-001
    outer loop
      vertex -7.727155E-007 1.767767E+001 1.767767E+001
      vertex 4.055290E+000 2.038733E+001 1.388925E+001
      vertex -9.086173E-007 2.078674E+001 1.388925E+001
    endloop
  endfacet
  facet normal -7.591534E-002 7.707798E-001 6.325626E-001
    outer loop
      vertex -7.727155E-007 1.767767E+001 1.767767E+001
      vertex -9.086173E-007 2.078674E+001 1.388925E+001
      vertex -3.448742E+000 1.733800E+001 1.767767E+001
    endloop
  endfacet
  facet normal -7.591533E-002 7.707798E-001 6.325626E-001
    outer loop
      vertex -3.448742E+000 1.733800E+001 1.767767E+001
      vertex -9.086173E-007 2.078674E+001 1.388925E+001
      vertex -4.055292E+000 2.038733E+001 1.388925E+001
    endloop
  endfacet
  facet normal -2.248279E-001 7.411592E-001 6.325626E-001
    outer loop
      vertex -3.448742E+000 1.733800E+001 1.767767E+001
      vertex -4.055292E+000 2.038733E+001 1.388925E+001
      vertex -6.764953E+000 1.633204E+001 1.767767E+001
    endloop
  endfacet
  facet normal -2.248279E-001 7.411592E-001 6.325626E-001
    outer loop
      vertex -6.764953E+000 1.633204E+001 1.767767E+001
      vertex -4.055292E+000 2.038733E+001 1.388925E+001
      vertex -7.954743E+000 1.920444E+001 1.388925E+001
    endloop
  endfacet
  facet normal -3.651013E-001 6.830560E-001 6.325626E-001
    outer loop
      vertex -6.764953E+000 1.633204E+001 1.767767E+001
      vertex -7.954743E+000 1.920444E+001 1.388925E+001
      vertex -9.821189E+000 1.469844E+001 1.767767E+001
    endloop
  endfacet
  facet normal -3.651012E-001 6.830561E-001 6.325627E-001
    outer loop
      vertex -9.821189E+000 1.469844E+001 1.767767E+001
      vertex -7.954743E+000 1.920444E+001 1.388925E+001
      vertex -1.154850E+001 1.728354E+001 1.388925E+001
    endloop
  endfacet
  facet normal -4.913434E-001 5.987037E-001 6.325626E-001
    outer loop
      vertex -9.821189E+000 1.469844E+001 1.767767E+001
      vertex -1.154850E+001 1.728354E+001 1.388925E+001
      vertex -1.250000E+001 1.250000E+001 1.767767E+001
    endloop
  endfacet
  facet normal -4.913437E-001 5.987037E-001 6.325625E-001
    outer loop
      vertex -1.250000E+001 1.250000E+001 1.767767E+001
      vertex -1.154850E+001 1.728354E+001 1.388925E+001
      vertex -1.469845E+001 1.469845E+001 1.388925E+001
    endloop
  endfacet
  facet normal -5.987038E-001 4.913434E-001 6.325625E-001
    outer loop
      vertex -1.250000E+001 1.250000E+001 1.767767E+001
      vertex -1.469845E+001 1.469845E+001 1.388925E+001
      vertex -1.469845E+001 9.821186E+000 1.767767E+001
    endloop
  endfacet
  facet normal -5.987037E-001 4.913435E-001 6.325626E-001
    outer loop
      vertex -1.469845E+001 9.821186E+000 1.767767E+001
      vertex -1.469845E+001 1.469845E+001 1.388925E+001
      vertex -1.728354E+001 1.154849E+001 1.388925E+001
    endloop
  endfacet
  facet normal -6.830561E-001 3.651012E-001 6.325626E-001
    outer loop
      vertex -1.469845E+001 9.821186E+000 1.767767E+001
      vertex -1.728354E+001 1.154849E+001 1.388925E+001
      vertex -1.633204E+001 6.764948E+000 1.767767E+001
    endloop
  endfacet
  facet normal -6.830561E-001 3.651012E-001 6.325626E-001
    outer loop
      vertex -1.633204E+001 6.764948E+000 1.767767E+001
      vertex -1.728354E+001 1.154849E+001 1.388925E+001
      vertex -1.920445E+001 7.954738E+000 1.388925E+001
    endloop
  endfacet
  facet normal -7.411591E-001 2.248282E-001 6.325626E-001
    outer loop
      vertex -1.633204E+001 6.764948E+000 1.767767E+001
      vertex -1.920445E+001 7.954738E+000 1.388925E+001
      vertex -1.733800E+001 3.448742E+000 1.767767E+001
    endloop
  endfacet
  facet normal -7.411591E-001 2.248282E-001 6.325626E-001
    outer loop
      vertex -1.733800E+001 3.448742E+000 1.767767E+001
      vertex -1.920445E+001 7.954738E+000 1.388925E+001
      vertex -2.038733E+001 4.055292E+000 1.388925E+001
    endloop
  endfacet
  facet normal -7.707798E-001 7.591487E-002 6.325625E-001
    outer loop
      vertex -1.733800E+001 3.448742E+000 1.767767E+001
      vertex -2.038733E+001 4.055292E+000 1.388925E+001
      vertex -1.767767E+001 -1.545431E-006 1.767767E+001
    endloop
  endfacet
  facet normal -7.707798E-001 7.591496E-002 6.325626E-001
    outer loop
      vertex -1.767767E+001 -1.545431E-006 1.767767E+001
      vertex -2.038733E+001 4.055292E+000 1.388925E+001
      vertex -2.078674E+001 -1.817235E-006 1.388925E+001
    endloop
  endfacet
  facet normal -7.707798E-001 -7.591529E-002 6.325626E-001
    outer loop
      vertex -1.767767E+001 -1.545431E-006 1.767767E+001
      vertex -2.078674E+001 -1.817235E-006 1.388925E+001
      vertex -1.733800E+001 -3.448745E+000 1.767767E+001
    endloop
  endfacet
  facet normal -7.707797E-001 -7.591528E-002 6.325626E-001
    outer loop
      vertex -1.733800E+001 -3.448745E+000 1.767767E+001
      vertex -2.078674E+001 -1.817235E-006 1.388925E+001
      vertex -2.038733E+001 -4.055295E+000 1.388925E+001
    endloop
  endfacet
  facet normal -7.411591E-001 -2.248282E-001 6.325626E-001
    outer loop
      vertex -1.733800E+001 -3.448745E+000 1.767767E+001
      vertex -2.038733E+001 -4.055295E+000 1.388925E+001
      vertex -1.633204E+001 -6.764951E+000 1.767767E+001
    endloop
  endfacet
  facet normal -7.411591E-001 -2.248282E-001 6.325626E-001
    outer loop
      vertex -1.633204E+001 -6.764951E+000 1.767767E+001
      vertex -2.038733E+001 -4.055295E+000 1.388925E+001
      vertex -1.920444E+001 -7.954741E+000 1.388925E+001
    endloop
  endfacet
  facet normal -6.830561E-001 -3.651013E-001 6.325626E-001
    outer loop
      vertex -1.633204E+001 -6.764951E+000 1.767767E+001
      vertex -1.920444E+001 -7.954741E+000 1.388925E+001
      vertex -1.469844E+001 -9.821188E+000 1.767767E+001
    endloop
  endfacet
  facet normal -6.830561E-001 -3.651011E-001 6.325627E-001
    outer loop
      vertex -1.469844E+001 -9.821188E+000 1.767767E+001
      vertex -1.920444E+001 -7.954741E+000 1.388925E+001
      vertex -1.728354E+001 -1.154850E+001 1.388925E+001
    endloop
  endfacet
  facet normal -5.987037E-001 -4.913433E-001 6.325627E-001
    outer loop
      vertex -1.469844E+001 -9.821188E+000 1.767767E+001
      vertex -1.728354E+001 -1.154850E+001 1.388925E+001
      vertex -1.250000E+001 -1.250000E+001 1.767767E+001
    endloop
  endfacet
  facet normal -5.987037E-001 -4.913435E-001 6.325626E-001
    outer loop
      vertex -1.250000E+001 -1.250000E+001 1.767767E+001
      vertex -1.728354E+001 -1.154850E+001 1.388925E+001
      vertex -1.469844E+001 -1.469845E+001 1.388925E+001
    endloop
  endfacet
  facet normal -4.913434E-001 -5.987038E-001 6.325626E-001
    outer loop
      vertex -1.250000E+001 -1.250000E+001 1.767767E+001
      vertex -1.469844E+001 -1.469845E+001 1.388925E+001
      vertex -9.821183E+000 -1.469845E+001 1.767767E+001
    endloop
  endfacet
  facet normal -4.913433E-001 -5.987040E-001 6.325625E-001
    outer loop
      vertex -9.821183E+000 -1.469845E+001 1.767767E+001
      vertex -1.469844E+001 -1.469845E+001 1.388925E+001
      vertex -1.154849E+001 -1.728355E+001 1.388925E+001
    endloop
  endfacet
  facet normal -3.651008E-001 -6.830565E-001 6.325625E-001
    outer loop
      vertex -9.821183E+000 -1.469845E+001 1.767767E+001
      vertex -1.154849E+001 -1.728355E+001 1.388925E+001
      vertex -6.764946E+000 -1.633204E+001 1.767767E+001
    endloop
  endfacet
  facet normal -3.651012E-001 -6.830559E-001 6.325628E-001
    outer loop
      vertex -6.764946E+000 -1.633204E+001 1.767767E+001
      vertex -1.154849E+001 -1.728355E+001 1.388925E+001
      vertex -7.954735E+000 -1.920445E+001 1.388925E+001
    endloop
  endfacet
  facet normal -2.248280E-001 -7.411590E-001 6.325628E-001
    outer loop
      vertex -6.764946E+000 -1.633204E+001 1.767767E+001
      vertex -7.954735E+000 -1.920445E+001 1.388925E+001
      vertex -3.448743E+000 -1.733800E+001 1.767767E+001
    endloop
  endfacet
  facet normal -2.248277E-001 -7.411593E-001 6.325626E-001
    outer loop
      vertex -3.448743E+000 -1.733800E+001 1.767767E+001
      vertex -7.954735E+000 -1.920445E+001 1.388925E+001
      vertex -4.055293E+000 -2.038733E+001 1.388925E+001
    endloop
  endfacet
  facet normal -7.591529E-002 -7.707797E-001 6.325626E-001
    outer loop
      vertex -3.448743E+000 -1.733800E+001 1.767767E+001
      vertex -4.055293E+000 -2.038733E+001 1.388925E+001
      vertex 2.108041E-007 -1.767767E+001 1.767767E+001
    endloop
  endfacet
  facet normal -7.591529E-002 -7.707798E-001 6.325626E-001
    outer loop
      vertex 2.108041E-007 -1.767767E+001 1.767767E+001
      vertex -4.055293E+000 -2.038733E+001 1.388925E+001
      vertex 2.478794E-007 -2.078674E+001 1.388925E+001
    endloop
  endfacet
  facet normal 7.591529E-002 -7.707797E-001 6.325626E-001
    outer loop
      vertex 2.108041E-007 -1.767767E+001 1.767767E+001
      vertex 2.478794E-007 -2.078674E+001 1.388925E+001
      vertex 3.448744E+000 -1.733800E+001 1.767767E+001
    endloop
  endfacet
  facet normal 7.591528E-002 -7.707797E-001 6.325626E-001
    outer loop
      vertex 3.448744E+000 -1.733800E+001 1.767767E+001
      vertex 2.478794E-007 -2.078674E+001 1.388925E+001
      vertex 4.055294E+000 -2.038733E+001 1.388925E+001
    endloop
  endfacet
  facet normal 2.248284E-001 -7.411591E-001 6.325626E-001
    outer loop
      vertex 3.448744E+000 -1.733800E+001 1.767767E+001
      vertex 4.055294E+000 -2.038733E+001 1.388925E+001
      vertex 6.764954E+000 -1.633204E+001 1.767767E+001
    endloop
  endfacet
  facet normal 2.248282E-001 -7.411591E-001 6.325626E-001
    outer loop
      vertex 6.764954E+000 -1.633204E+001 1.767767E+001
      vertex 4.055294E+000 -2.038733E+001 1.388925E+001
      vertex 7.954745E+000 -1.920444E+001 1.388925E+001
    endloop
  endfacet
  facet normal 3.651012E-001 -6.830561E-001 6.325627E-001
    outer loop
      vertex 6.764954E+000 -1.633204E+001 1.767767E+001
      vertex 7.954745E+000 -1.920444E+001 1.388925E+001
      vertex 9.821190E+000 -1.469844E+001 1.767767E+001
    endloop
  endfacet
  facet normal 3.651013E-001 -6.830561E-001 6.325626E-001
    outer loop
      vertex 9.821190E+000 -1.469844E+001 1.767767E+001
      vertex 7.954745E+000 -1.920444E+001 1.388925E+001
      vertex 1.154850E+001 -1.728354E+001 1.388925E+001
    endloop
  endfacet
  facet normal 4.913436E-001 -5.987036E-001 6.325626E-001
    outer loop
      vertex 9.821190E+000 -1.469844E+001 1.767767E+001
      vertex 1.154850E+001 -1.728354E+001 1.388925E+001
      vertex 1.250000E+001 -1.250000E+001 1.767767E+001
    endloop
  endfacet
  facet normal 4.913437E-001 -5.987035E-001 6.325626E-001
    outer loop
      vertex 1.250000E+001 -1.250000E+001 1.767767E+001
      vertex 1.154850E+001 -1.728354E+001 1.388925E+001
      vertex 1.469845E+001 -1.469844E+001 1.388925E+001
    endloop
  endfacet
  facet normal 5.987037E-001 -4.913435E-001 6.325626E-001
    outer loop
      vertex 1.250000E+001 -1.250000E+001 1.767767E+001
      vertex 1.469845E+001 -1.469844E+001 1.388925E+001
      vertex 1.469844E+001 -9.821188E+000 1.767767E+001
    endloop
  endfacet
  facet normal 5.987037E-001 -4.913434E-001 6.325626E-001
    outer loop
      vertex 1.469844E+001 -9.821188E+000 1.767767E+001
      vertex 1.469845E+001 -1.469844E+001 1.388925E+001
      vertex 1.728354E+001 -1.154850E+001 1.388925E+001
    endloop
  endfacet
  facet normal 6.830562E-001 -3.651011E-001 6.325626E-001
    outer loop
      vertex 1.469844E+001 -9.821188E+000 1.767767E+001
      vertex 1.728354E+001 -1.154850E+001 1.388925E+001
      vertex 1.633204E+001 -6.764951E+000 1.767767E+001
    endloop
  endfacet
  facet normal 6.830561E-001 -3.651012E-001 6.325626E-001
    outer loop
      vertex 1.633204E+001 -6.764951E+000 1.767767E+001
      vertex 1.728354E+001 -1.154850E+001 1.388925E+001
      vertex 1.920444E+001 -7.954741E+000 1.388925E+001
    endloop
  endfacet
  facet normal 7.411591E-001 -2.248284E-001 6.325626E-001
    outer loop
      vertex 1.633204E+001 -6.764951E+000 1.767767E+001
      vertex 1.920444E+001 -7.954741E+000 1.388925E+001
      vertex 1.733800E+001 -3.448741E+000 1.767767E+001
    endloop
  endfacet
  facet normal 7.411591E-001 -2.248282E-001 6.325625E-001
    outer loop
      vertex 1.733800E+001 -3.448741E+000 1.767767E+001
      vertex 1.920444E+001 -7.954741E+000 1.388925E+001
      vertex 2.038733E+001 -4.055290E+000 1.388925E+001
    endloop
  endfacet
  facet normal 7.707798E-001 -7.591493E-002 6.325626E-001
    outer loop
      vertex 1.733800E+001 -3.448741E+000 1.767767E+001
      vertex 2.038733E+001 -4.055290E+000 1.388925E+001
      vertex 1.767767E+001 0.000000E+000 1.767767E+001
    endloop
  endfacet
  facet normal 7.707798E-001 -7.591502E-002 6.325626E-001
    outer loop
      vertex 1.767767E+001 0.000000E+000 1.767767E+001
      vertex 2.038733E+001 -4.055290E+000 1.388925E+001
      vertex 2.078674E+001 0.000000E+000 1.388925E+001
    endloop
  endfacet
  facet normal 8.786131E-001 8.653601E-002 4.696281E-001
    outer loop
      vertex 2.078674E+001 0.000000E+000 1.388925E+001
      vertex 2.309699E+001 0.000000E+000 9.567085E+000
      vertex 2.038733E+001 4.055292E+000 1.388925E+001
    endloop
  endfacet
  facet normal 8.786131E-001 8.653580E-002 4.696282E-001
    outer loop
      vertex 2.038733E+001 4.055292E+000 1.388925E+001
      vertex 2.309699E+001 0.000000E+000 9.567085E+000
      vertex 2.265318E+001 4.505999E+000 9.567085E+000
    endloop
  endfacet
  facet normal 8.448485E-001 2.562818E-001 4.696282E-001
    outer loop
      vertex 2.038733E+001 4.055292E+000 1.388925E+001
      vertex 2.265318E+001 4.505999E+000 9.567085E+000
      vertex 1.920444E+001 7.954742E+000 1.388925E+001
    endloop
  endfacet
  facet normal 8.448485E-001 2.562821E-001 4.696280E-001
    outer loop
      vertex 1.920444E+001 7.954742E+000 1.388925E+001
      vertex 2.265318E+001 4.505999E+000 9.567085E+000
      vertex 2.133883E+001 8.838835E+000 9.567085E+000
    endloop
  endfacet
  facet normal 7.786168E-001 4.161796E-001 4.696280E-001
    outer loop
      vertex 1.920444E+001 7.954742E+000 1.388925E+001
      vertex 2.133883E+001 8.838835E+000 9.567085E+000
      vertex 1.728354E+001 1.154850E+001 1.388925E+001
    endloop
  endfacet
  facet normal 7.786168E-001 4.161792E-001 4.696282E-001
    outer loop
      vertex 1.728354E+001 1.154850E+001 1.388925E+001
      vertex 2.133883E+001 8.838835E+000 9.567085E+000
      vertex 1.920444E+001 1.283200E+001 9.567085E+000
    endloop
  endfacet
  facet normal 6.824633E-001 5.600832E-001 4.696282E-001
    outer loop
      vertex 1.728354E+001 1.154850E+001 1.388925E+001
      vertex 1.920444E+001 1.283200E+001 9.567085E+000
      vertex 1.469845E+001 1.469845E+001 1.388925E+001
    endloop
  endfacet
  facet normal 6.824632E-001 5.600836E-001 4.696280E-001
    outer loop
      vertex 1.469845E+001 1.469845E+001 1.388925E+001
      vertex 1.920444E+001 1.283200E+001 9.567085E+000
      vertex 1.633204E+001 1.633204E+001 9.567085E+000
    endloop
  endfacet
  facet normal 5.600833E-001 6.824634E-001 4.696280E-001
    outer loop
      vertex 1.469845E+001 1.469845E+001 1.388925E+001
      vertex 1.633204E+001 1.633204E+001 9.567085E+000
      vertex 1.154849E+001 1.728354E+001 1.388925E+001
    endloop
  endfacet
  facet normal 5.600833E-001 6.824633E-001 4.696280E-001
    outer loop
      vertex 1.154849E+001 1.728354E+001 1.388925E+001
      vertex 1.633204E+001 1.633204E+001 9.567085E+000
      vertex 1.283200E+001 1.920444E+001 9.567085E+000
    endloop
  endfacet
  facet normal 4.161794E-001 7.786169E-001 4.696280E-001
    outer loop
      vertex 1.154849E+001 1.728354E+001 1.388925E+001
      vertex 1.283200E+001 1.920444E+001 9.567085E+000
      vertex 7.954741E+000 1.920444E+001 1.388925E+001
    endloop
  endfacet
  facet normal 4.161794E-001 7.786169E-001 4.696279E-001
    outer loop
      vertex 7.954741E+000 1.920444E+001 1.388925E+001
      vertex 1.283200E+001 1.920444E+001 9.567085E+000
      vertex 8.838834E+000 2.133883E+001 9.567085E+000
    endloop
  endfacet
  facet normal 2.562821E-001 8.448486E-001 4.696280E-001
    outer loop
      vertex 7.954741E+000 1.920444E+001 1.388925E+001
      vertex 8.838834E+000 2.133883E+001 9.567085E+000
      vertex 4.055290E+000 2.038733E+001 1.388925E+001
    endloop
  endfacet
  facet normal 2.562820E-001 8.448486E-001 4.696279E-001
    outer loop
      vertex 4.055290E+000 2.038733E+001 1.388925E+001
      vertex 8.838834E+000 2.133883E+001 9.567085E+000
      vertex 4.505997E+000 2.265318E+001 9.567085E+000
    endloop
  endfacet
  facet normal 8.653563E-002 8.786132E-001 4.696279E-001
    outer loop
      vertex 4.055290E+000 2.038733E+001 1.388925E+001
      vertex 4.505997E+000 2.265318E+001 9.567085E+000
      vertex -9.086173E-007 2.078674E+001 1.388925E+001
    endloop
  endfacet
  facet normal 8.653583E-002 8.786132E-001 4.696281E-001
    outer loop
      vertex -9.086173E-007 2.078674E+001 1.388925E+001
      vertex 4.505997E+000 2.265318E+001 9.567085E+000
      vertex -1.009601E-006 2.309699E+001 9.567085E+000
    endloop
  endfacet
  facet normal -8.653602E-002 8.786131E-001 4.696281E-001
    outer loop
      vertex -9.086173E-007 2.078674E+001 1.388925E+001
      vertex -1.009601E-006 2.309699E+001 9.567085E+000
      vertex -4.055292E+000 2.038733E+001 1.388925E+001
    endloop
  endfacet
  facet normal -8.653581E-002 8.786130E-001 4.696282E-001
    outer loop
      vertex -4.055292E+000 2.038733E+001 1.388925E+001
      vertex -1.009601E-006 2.309699E+001 9.567085E+000
      vertex -4.505999E+000 2.265318E+001 9.567085E+000
    endloop
  endfacet
  facet normal -2.562817E-001 8.448485E-001 4.696282E-001
    outer loop
      vertex -4.055292E+000 2.038733E+001 1.388925E+001
      vertex -4.505999E+000 2.265318E+001 9.567085E+000
      vertex -7.954743E+000 1.920444E+001 1.388925E+001
    endloop
  endfacet
  facet normal -2.562820E-001 8.448486E-001 4.696279E-001
    outer loop
      vertex -7.954743E+000 1.920444E+001 1.388925E+001
      vertex -4.505999E+000 2.265318E+001 9.567085E+000
      vertex -8.838836E+000 2.133883E+001 9.567085E+000
    endloop
  endfacet
  facet normal -4.161795E-001 7.786168E-001 4.696280E-001
    outer loop
      vertex -7.954743E+000 1.920444E+001 1.388925E+001
      vertex -8.838836E+000 2.133883E+001 9.567085E+000
      vertex -1.154850E+001 1.728354E+001 1.388925E+001
    endloop
  endfacet
  facet normal -4.161794E-001 7.786169E-001 4.696281E-001
    outer loop
      vertex -1.154850E+001 1.728354E+001 1.388925E+001
      vertex -8.838836E+000 2.133883E+001 9.567085E+000
      vertex -1.283200E+001 1.920444E+001 9.567085E+000
    endloop
  endfacet
  facet normal -5.600834E-001 6.824632E-001 4.696281E-001
    outer loop
      vertex -1.154850E+001 1.728354E+001 1.388925E+001
      vertex -1.283200E+001 1.920444E+001 9.567085E+000
      vertex -1.469845E+001 1.469845E+001 1.388925E+001
    endloop
  endfacet
  facet normal -5.600835E-001 6.824631E-001 4.696280E-001
    outer loop
      vertex -1.469845E+001 1.469845E+001 1.388925E+001
      vertex -1.283200E+001 1.920444E+001 9.567085E+000
      vertex -1.633204E+001 1.633204E+001 9.567085E+000
    endloop
  endfacet
  facet normal -6.824634E-001 5.600833E-001 4.696280E-001
    outer loop
      vertex -1.469845E+001 1.469845E+001 1.388925E+001
      vertex -1.633204E+001 1.633204E+001 9.567085E+000
      vertex -1.728354E+001 1.154849E+001 1.388925E+001
    endloop
  endfacet
  facet normal -6.824633E-001 5.600833E-001 4.696280E-001
    outer loop
      vertex -1.728354E+001 1.154849E+001 1.388925E+001
      vertex -1.633204E+001 1.633204E+001 9.567085E+000
      vertex -1.920444E+001 1.283200E+001 9.567085E+000
    endloop
  endfacet
  facet normal -7.786169E-001 4.161794E-001 4.696280E-001
    outer loop
      vertex -1.728354E+001 1.154849E+001 1.388925E+001
      vertex -1.920444E+001 1.283200E+001 9.567085E+000
      vertex -1.920445E+001 7.954738E+000 1.388925E+001
    endloop
  endfacet
  facet normal -7.786168E-001 4.161794E-001 4.696281E-001
    outer loop
      vertex -1.920445E+001 7.954738E+000 1.388925E+001
      vertex -1.920444E+001 1.283200E+001 9.567085E+000
      vertex -2.133883E+001 8.838831E+000 9.567085E+000
    endloop
  endfacet
  facet normal -8.448486E-001 2.562820E-001 4.696279E-001
    outer loop
      vertex -1.920445E+001 7.954738E+000 1.388925E+001
      vertex -2.133883E+001 8.838831E+000 9.567085E+000
      vertex -2.038733E+001 4.055292E+000 1.388925E+001
    endloop
  endfacet
  facet normal -8.448486E-001 2.562820E-001 4.696280E-001
    outer loop
      vertex -2.038733E+001 4.055292E+000 1.388925E+001
      vertex -2.133883E+001 8.838831E+000 9.567085E+000
      vertex -2.265318E+001 4.505998E+000 9.567085E+000
    endloop
  endfacet
  facet normal -8.786132E-001 8.653557E-002 4.696279E-001
    outer loop
      vertex -2.038733E+001 4.055292E+000 1.388925E+001
      vertex -2.265318E+001 4.505998E+000 9.567085E+000
      vertex -2.078674E+001 -1.817235E-006 1.388925E+001
    endloop
  endfacet
  facet normal -8.786132E-001 8.653578E-002 4.696281E-001
    outer loop
      vertex -2.078674E+001 -1.817235E-006 1.388925E+001
      vertex -2.265318E+001 4.505998E+000 9.567085E+000
      vertex -2.309699E+001 -2.019203E-006 9.567085E+000
    endloop
  endfacet
  facet normal -8.786132E-001 -8.653597E-002 4.696281E-001
    outer loop
      vertex -2.078674E+001 -1.817235E-006 1.388925E+001
      vertex -2.309699E+001 -2.019203E-006 9.567085E+000
      vertex -2.038733E+001 -4.055295E+000 1.388925E+001
    endloop
  endfacet
  facet normal -8.786131E-001 -8.653576E-002 4.696282E-001
    outer loop
      vertex -2.038733E+001 -4.055295E+000 1.388925E+001
      vertex -2.309699E+001 -2.019203E-006 9.567085E+000
      vertex -2.265318E+001 -4.506002E+000 9.567085E+000
    endloop
  endfacet
  facet normal -8.448484E-001 -2.562820E-001 4.696283E-001
    outer loop
      vertex -2.038733E+001 -4.055295E+000 1.388925E+001
      vertex -2.265318E+001 -4.506002E+000 9.567085E+000
      vertex -1.920444E+001 -7.954741E+000 1.388925E+001
    endloop
  endfacet
  facet normal -8.448485E-001 -2.562824E-001 4.696280E-001
    outer loop
      vertex -1.920444E+001 -7.954741E+000 1.388925E+001
      vertex -2.265318E+001 -4.506002E+000 9.567085E+000
      vertex -2.133883E+001 -8.838834E+000 9.567085E+000
    endloop
  endfacet
  facet normal -7.786169E-001 -4.161794E-001 4.696280E-001
    outer loop
      vertex -1.920444E+001 -7.954741E+000 1.388925E+001
      vertex -2.133883E+001 -8.838834E+000 9.567085E+000
      vertex -1.728354E+001 -1.154850E+001 1.388925E+001
    endloop
  endfacet
  facet normal -7.786169E-001 -4.161794E-001 4.696280E-001
    outer loop
      vertex -1.728354E+001 -1.154850E+001 1.388925E+001
      vertex -2.133883E+001 -8.838834E+000 9.567085E+000
      vertex -1.920444E+001 -1.283200E+001 9.567085E+000
    endloop
  endfacet
  facet normal -6.824634E-001 -5.600833E-001 4.696280E-001
    outer loop
      vertex -1.728354E+001 -1.154850E+001 1.388925E+001
      vertex -1.920444E+001 -1.283200E+001 9.567085E+000
      vertex -1.469844E+001 -1.469845E+001 1.388925E+001
    endloop
  endfacet
  facet normal -6.824633E-001 -5.600832E-001 4.696280E-001
    outer loop
      vertex -1.469844E+001 -1.469845E+001 1.388925E+001
      vertex -1.920444E+001 -1.283200E+001 9.567085E+000
      vertex -1.633203E+001 -1.633204E+001 9.567085E+000
    endloop
  endfacet
  facet normal -5.600829E-001 -6.824636E-001 4.696280E-001
    outer loop
      vertex -1.469844E+001 -1.469845E+001 1.388925E+001
      vertex -1.633203E+001 -1.633204E+001 9.567085E+000
      vertex -1.154849E+001 -1.728355E+001 1.388925E+001
    endloop
  endfacet
  facet normal -5.600831E-001 -6.824633E-001 4.696282E-001
    outer loop
      vertex -1.154849E+001 -1.728355E+001 1.388925E+001
      vertex -1.633203E+001 -1.633204E+001 9.567085E+000
      vertex -1.283199E+001 -1.920445E+001 9.567085E+000
    endloop
  endfacet
  facet normal -4.161794E-001 -7.786167E-001 4.696283E-001
    outer loop
      vertex -1.154849E+001 -1.728355E+001 1.388925E+001
      vertex -1.283199E+001 -1.920445E+001 9.567085E+000
      vertex -7.954735E+000 -1.920445E+001 1.388925E+001
    endloop
  endfacet
  facet normal -4.161792E-001 -7.786171E-001 4.696280E-001
    outer loop
      vertex -7.954735E+000 -1.920445E+001 1.388925E+001
      vertex -1.283199E+001 -1.920445E+001 9.567085E+000
      vertex -8.838827E+000 -2.133884E+001 9.567085E+000
    endloop
  endfacet
  facet normal -2.562815E-001 -8.448488E-001 4.696279E-001
    outer loop
      vertex -7.954735E+000 -1.920445E+001 1.388925E+001
      vertex -8.838827E+000 -2.133884E+001 9.567085E+000
      vertex -4.055293E+000 -2.038733E+001 1.388925E+001
    endloop
  endfacet
  facet normal -2.562819E-001 -8.448485E-001 4.696283E-001
    outer loop
      vertex -4.055293E+000 -2.038733E+001 1.388925E+001
      vertex -8.838827E+000 -2.133884E+001 9.567085E+000
      vertex -4.506000E+000 -2.265318E+001 9.567085E+000
    endloop
  endfacet
  facet normal -8.653596E-002 -8.786131E-001 4.696282E-001
    outer loop
      vertex -4.055293E+000 -2.038733E+001 1.388925E+001
      vertex -4.506000E+000 -2.265318E+001 9.567085E+000
      vertex 2.478794E-007 -2.078674E+001 1.388925E+001
    endloop
  endfacet
  facet normal -8.653577E-002 -8.786131E-001 4.696281E-001
    outer loop
      vertex 2.478794E-007 -2.078674E+001 1.388925E+001
      vertex -4.506000E+000 -2.265318E+001 9.567085E+000
      vertex 2.754288E-007 -2.309699E+001 9.567085E+000
    endloop
  endfacet
  facet normal 8.653597E-002 -8.786132E-001 4.696281E-001
    outer loop
      vertex 2.478794E-007 -2.078674E+001 1.388925E+001
      vertex 2.754288E-007 -2.309699E+001 9.567085E+000
      vertex 4.055294E+000 -2.038733E+001 1.388925E+001
    endloop
  endfacet
  facet normal 8.653577E-002 -8.786131E-001 4.696282E-001
    outer loop
      vertex 4.055294E+000 -2.038733E+001 1.388925E+001
      vertex 2.754288E-007 -2.309699E+001 9.567085E+000
      vertex 4.506001E+000 -2.265318E+001 9.567085E+000
    endloop
  endfacet
  facet normal 2.562821E-001 -8.448484E-001 4.696282E-001
    outer loop
      vertex 4.055294E+000 -2.038733E+001 1.388925E+001
      vertex 4.506001E+000 -2.265318E+001 9.567085E+000
      vertex 7.954745E+000 -1.920444E+001 1.388925E+001
    endloop
  endfacet
  facet normal 2.562823E-001 -8.448485E-001 4.696280E-001
    outer loop
      vertex 7.954745E+000 -1.920444E+001 1.388925E+001
      vertex 4.506001E+000 -2.265318E+001 9.567085E+000
      vertex 8.838839E+000 -2.133883E+001 9.567085E+000
    endloop
  endfacet
  facet normal 4.161795E-001 -7.786168E-001 4.696281E-001
    outer loop
      vertex 7.954745E+000 -1.920444E+001 1.388925E+001
      vertex 8.838839E+000 -2.133883E+001 9.567085E+000
      vertex 1.154850E+001 -1.728354E+001 1.388925E+001
    endloop
  endfacet
  facet normal 4.161795E-001 -7.786168E-001 4.696280E-001
    outer loop
      vertex 1.154850E+001 -1.728354E+001 1.388925E+001
      vertex 8.838839E+000 -2.133883E+001 9.567085E+000
      vertex 1.283200E+001 -1.920444E+001 9.567085E+000
    endloop
  endfacet
  facet normal 5.600835E-001 -6.824632E-001 4.696280E-001
    outer loop
      vertex 1.154850E+001 -1.728354E+001 1.388925E+001
      vertex 1.283200E+001 -1.920444E+001 9.567085E+000
      vertex 1.469845E+001 -1.469844E+001 1.388925E+001
    endloop
  endfacet
  facet normal 5.600836E-001 -6.824632E-001 4.696280E-001
    outer loop
      vertex 1.469845E+001 -1.469844E+001 1.388925E+001
      vertex 1.283200E+001 -1.920444E+001 9.567085E+000
      vertex 1.633204E+001 -1.633203E+001 9.567085E+000
    endloop
  endfacet
  facet normal 6.824634E-001 -5.600833E-001 4.696280E-001
    outer loop
      vertex 1.469845E+001 -1.469844E+001 1.388925E+001
      vertex 1.633204E+001 -1.633203E+001 9.567085E+000
      vertex 1.728354E+001 -1.154850E+001 1.388925E+001
    endloop
  endfacet
  facet normal 6.824631E-001 -5.600834E-001 4.696282E-001
    outer loop
      vertex 1.728354E+001 -1.154850E+001 1.388925E+001
      vertex 1.633204E+001 -1.633203E+001 9.567085E+000
      vertex 1.920444E+001 -1.283200E+001 9.567085E+000
    endloop
  endfacet
  facet normal 7.786168E-001 -4.161794E-001 4.696283E-001
    outer loop
      vertex 1.728354E+001 -1.154850E+001 1.388925E+001
      vertex 1.920444E+001 -1.283200E+001 9.567085E+000
      vertex 1.920444E+001 -7.954741E+000 1.388925E+001
    endloop
  endfacet
  facet normal 7.786167E-001 -4.161794E-001 4.696282E-001
    outer loop
      vertex 1.920444E+001 -7.954741E+000 1.388925E+001
      vertex 1.920444E+001 -1.283200E+001 9.567085E+000
      vertex 2.133883E+001 -8.838834E+000 9.567085E+000
    endloop
  endfacet
  facet normal 8.448484E-001 -2.562821E-001 4.696283E-001
    outer loop
      vertex 1.920444E+001 -7.954741E+000 1.388925E+001
      vertex 2.133883E+001 -8.838834E+000 9.567085E+000
      vertex 2.038733E+001 -4.055290E+000 1.388925E+001
    endloop
  endfacet
  facet normal 8.448487E-001 -2.562817E-001 4.696280E-001
    outer loop
      vertex 2.038733E+001 -4.055290E+000 1.388925E+001
      vertex 2.133883E+001 -8.838834E+000 9.567085E+000
      vertex 2.265318E+001 -4.505997E+000 9.567085E+000
    endloop
  endfacet
  facet normal 8.786133E-001 -8.653565E-002 4.696279E-001
    outer loop
      vertex 2.038733E+001 -4.055290E+000 1.388925E+001
      vertex 2.265318E+001 -4.505997E+000 9.567085E+000
      vertex 2.078674E+001 0.000000E+000 1.388925E+001
    endloop
  endfacet
  facet normal 8.786132E-001 -8.653584E-002 4.696281E-001
    outer loop
      vertex 2.078674E+001 0.000000E+000 1.388925E+001
      vertex 2.265318E+001 -4.505997E+000 9.567085E+000
      vertex 2.309699E+001 0.000000E+000 9.567085E+000
    endloop
  endfacet
  facet normal 9.527181E-001 9.383449E-002 2.890041E-001
    outer loop
      vertex 2.309699E+001 0.000000E+000 9.567085E+000
      vertex 2.451963E+001 0.000000E+000 4.877256E+000
      vertex 2.265318E+001 4.505999E+000 9.567085E+000
    endloop
  endfacet
  facet normal 9.527181E-001 9.383456E-002 2.890041E-001
    outer loop
      vertex 2.265318E+001 4.505999E+000 9.567085E+000
      vertex 2.451963E+001 0.000000E+000 4.877256E+000
      vertex 2.404849E+001 4.783543E+000 4.877256E+000
    endloop
  endfacet
  facet normal 9.161056E-001 2.778977E-001 2.890041E-001
    outer loop
      vertex 2.265318E+001 4.505999E+000 9.567085E+000
      vertex 2.404849E+001 4.783543E+000 4.877256E+000
      vertex 2.133883E+001 8.838835E+000 9.567085E+000
    endloop
  endfacet
  facet normal 9.161056E-001 2.778978E-001 2.890040E-001
    outer loop
      vertex 2.133883E+001 8.838835E+000 9.567085E+000
      vertex 2.404849E+001 4.783543E+000 4.877256E+000
      vertex 2.265318E+001 9.383258E+000 4.877256E+000
    endloop
  endfacet
  facet normal 8.442879E-001 4.512811E-001 2.890040E-001
    outer loop
      vertex 2.133883E+001 8.838835E+000 9.567085E+000
      vertex 2.265318E+001 9.383258E+000 4.877256E+000
      vertex 1.920444E+001 1.283200E+001 9.567085E+000
    endloop
  endfacet
  facet normal 8.442879E-001 4.512810E-001 2.890040E-001
    outer loop
      vertex 1.920444E+001 1.283200E+001 9.567085E+000
      vertex 2.265318E+001 9.383258E+000 4.877256E+000
      vertex 2.038733E+001 1.362238E+001 4.877256E+000
    endloop
  endfacet
  facet normal 7.400241E-001 6.073227E-001 2.890041E-001
    outer loop
      vertex 1.920444E+001 1.283200E+001 9.567085E+000
      vertex 2.038733E+001 1.362238E+001 4.877256E+000
      vertex 1.633204E+001 1.633204E+001 9.567085E+000
    endloop
  endfacet
  facet normal 7.400243E-001 6.073226E-001 2.890042E-001
    outer loop
      vertex 1.633204E+001 1.633204E+001 9.567085E+000
      vertex 2.038733E+001 1.362238E+001 4.877256E+000
      vertex 1.733800E+001 1.733800E+001 4.877256E+000
    endloop
  endfacet
  facet normal 6.073225E-001 7.400243E-001 2.890041E-001
    outer loop
      vertex 1.633204E+001 1.633204E+001 9.567085E+000
      vertex 1.733800E+001 1.733800E+001 4.877256E+000
      vertex 1.283200E+001 1.920444E+001 9.567085E+000
    endloop
  endfacet
  facet normal 6.073226E-001 7.400242E-001 2.890043E-001
    outer loop
      vertex 1.283200E+001 1.920444E+001 9.567085E+000
      vertex 1.733800E+001 1.733800E+001 4.877256E+000
      vertex 1.362238E+001 2.038733E+001 4.877256E+000
    endloop
  endfacet
  facet normal 4.512812E-001 8.442878E-001 2.890044E-001
    outer loop
      vertex 1.283200E+001 1.920444E+001 9.567085E+000
      vertex 1.362238E+001 2.038733E+001 4.877256E+000
      vertex 8.838834E+000 2.133883E+001 9.567085E+000
    endloop
  endfacet
  facet normal 4.512808E-001 8.442880E-001 2.890040E-001
    outer loop
      vertex 8.838834E+000 2.133883E+001 9.567085E+000
      vertex 1.362238E+001 2.038733E+001 4.877256E+000
      vertex 9.383257E+000 2.265318E+001 4.877256E+000
    endloop
  endfacet
  facet normal 2.778977E-001 9.161056E-001 2.890040E-001
    outer loop
      vertex 8.838834E+000 2.133883E+001 9.567085E+000
      vertex 9.383257E+000 2.265318E+001 4.877256E+000
      vertex 4.505997E+000 2.265318E+001 9.567085E+000
    endloop
  endfacet
  facet normal 2.778977E-001 9.161056E-001 2.890041E-001
    outer loop
      vertex 4.505997E+000 2.265318E+001 9.567085E+000
      vertex 9.383257E+000 2.265318E+001 4.877256E+000
      vertex 4.783541E+000 2.404849E+001 4.877256E+000
    endloop
  endfacet
  facet normal 9.383450E-002 9.527180E-001 2.890041E-001
    outer loop
      vertex 4.505997E+000 2.265318E+001 9.567085E+000
      vertex 4.783541E+000 2.404849E+001 4.877256E+000
      vertex -1.009601E-006 2.309699E+001 9.567085E+000
    endloop
  endfacet
  facet normal 9.383460E-002 9.527180E-001 2.890041E-001
    outer loop
      vertex -1.009601E-006 2.309699E+001 9.567085E+000
      vertex 4.783541E+000 2.404849E+001 4.877256E+000
      vertex -1.071787E-006 2.451963E+001 4.877256E+000
    endloop
  endfacet
  facet normal -9.383450E-002 9.527180E-001 2.890041E-001
    outer loop
      vertex -1.009601E-006 2.309699E+001 9.567085E+000
      vertex -1.071787E-006 2.451963E+001 4.877256E+000
      vertex -4.505999E+000 2.265318E+001 9.567085E+000
    endloop
  endfacet
  facet normal -9.383457E-002 9.527181E-001 2.890041E-001
    outer loop
      vertex -4.505999E+000 2.265318E+001 9.567085E+000
      vertex -1.071787E-006 2.451963E+001 4.877256E+000
      vertex -4.783543E+000 2.404849E+001 4.877256E+000
    endloop
  endfacet
  facet normal -2.778977E-001 9.161056E-001 2.890041E-001
    outer loop
      vertex -4.505999E+000 2.265318E+001 9.567085E+000
      vertex -4.783543E+000 2.404849E+001 4.877256E+000
      vertex -8.838836E+000 2.133883E+001 9.567085E+000
    endloop
  endfacet
  facet normal -2.778977E-001 9.161056E-001 2.890040E-001
    outer loop
      vertex -8.838836E+000 2.133883E+001 9.567085E+000
      vertex -4.783543E+000 2.404849E+001 4.877256E+000
      vertex -9.383259E+000 2.265318E+001 4.877256E+000
    endloop
  endfacet
  facet normal -4.512813E-001 8.442878E-001 2.890040E-001
    outer loop
      vertex -8.838836E+000 2.133883E+001 9.567085E+000
      vertex -9.383259E+000 2.265318E+001 4.877256E+000
      vertex -1.283200E+001 1.920444E+001 9.567085E+000
    endloop
  endfacet
  facet normal -4.512812E-001 8.442878E-001 2.890041E-001
    outer loop
      vertex -1.283200E+001 1.920444E+001 9.567085E+000
      vertex -9.383259E+000 2.265318E+001 4.877256E+000
      vertex -1.362238E+001 2.038733E+001 4.877256E+000
    endloop
  endfacet
  facet normal -6.073228E-001 7.400241E-001 2.890041E-001
    outer loop
      vertex -1.283200E+001 1.920444E+001 9.567085E+000
      vertex -1.362238E+001 2.038733E+001 4.877256E+000
      vertex -1.633204E+001 1.633204E+001 9.567085E+000
    endloop
  endfacet
  facet normal -6.073226E-001 7.400243E-001 2.890042E-001
    outer loop
      vertex -1.633204E+001 1.633204E+001 9.567085E+000
      vertex -1.362238E+001 2.038733E+001 4.877256E+000
      vertex -1.733800E+001 1.733800E+001 4.877256E+000
    endloop
  endfacet
  facet normal -7.400243E-001 6.073225E-001 2.890041E-001
    outer loop
      vertex -1.633204E+001 1.633204E+001 9.567085E+000
      vertex -1.733800E+001 1.733800E+001 4.877256E+000
      vertex -1.920444E+001 1.283200E+001 9.567085E+000
    endloop
  endfacet
  facet normal -7.400242E-001 6.073226E-001 2.890043E-001
    outer loop
      vertex -1.920444E+001 1.283200E+001 9.567085E+000
      vertex -1.733800E+001 1.733800E+001 4.877256E+000
      vertex -2.038733E+001 1.362238E+001 4.877256E+000
    endloop
  endfacet
  facet normal -8.442877E-001 4.512812E-001 2.890044E-001
    outer loop
      vertex -1.920444E+001 1.283200E+001 9.567085E+000
      vertex -2.038733E+001 1.362238E+001 4.877256E+000
      vertex -2.133883E+001 8.838831E+000 9.567085E+000
    endloop
  endfacet
  facet normal -8.442878E-001 4.512810E-001 2.890042E-001
    outer loop
      vertex -2.133883E+001 8.838831E+000 9.567085E+000
      vertex -2.038733E+001 1.362238E+001 4.877256E+000
      vertex -2.265319E+001 9.383253E+000 4.877256E+000
    endloop
  endfacet
  facet normal -9.161056E-001 2.778975E-001 2.890043E-001
    outer loop
      vertex -2.133883E+001 8.838831E+000 9.567085E+000
      vertex -2.265319E+001 9.383253E+000 4.877256E+000
      vertex -2.265318E+001 4.505998E+000 9.567085E+000
    endloop
  endfacet
  facet normal -9.161057E-001 2.778974E-001 2.890041E-001
    outer loop
      vertex -2.265318E+001 4.505998E+000 9.567085E+000
      vertex -2.265319E+001 9.383253E+000 4.877256E+000
      vertex -2.404849E+001 4.783543E+000 4.877256E+000
    endloop
  endfacet
  facet normal -9.527181E-001 9.383445E-002 2.890041E-001
    outer loop
      vertex -2.265318E+001 4.505998E+000 9.567085E+000
      vertex -2.404849E+001 4.783543E+000 4.877256E+000
      vertex -2.309699E+001 -2.019203E-006 9.567085E+000
    endloop
  endfacet
  facet normal -9.527181E-001 9.383455E-002 2.890041E-001
    outer loop
      vertex -2.309699E+001 -2.019203E-006 9.567085E+000
      vertex -2.404849E+001 4.783543E+000 4.877256E+000
      vertex -2.451963E+001 -2.143574E-006 4.877256E+000
    endloop
  endfacet
  facet normal -9.527181E-001 -9.383444E-002 2.890041E-001
    outer loop
      vertex -2.309699E+001 -2.019203E-006 9.567085E+000
      vertex -2.451963E+001 -2.143574E-006 4.877256E+000
      vertex -2.265318E+001 -4.506002E+000 9.567085E+000
    endloop
  endfacet
  facet normal -9.527181E-001 -9.383452E-002 2.890041E-001
    outer loop
      vertex -2.265318E+001 -4.506002E+000 9.567085E+000
      vertex -2.451963E+001 -2.143574E-006 4.877256E+000
      vertex -2.404849E+001 -4.783547E+000 4.877256E+000
    endloop
  endfacet
  facet normal -9.161056E-001 -2.778980E-001 2.890041E-001
    outer loop
      vertex -2.265318E+001 -4.506002E+000 9.567085E+000
      vertex -2.404849E+001 -4.783547E+000 4.877256E+000
      vertex -2.133883E+001 -8.838834E+000 9.567085E+000
    endloop
  endfacet
  facet normal -9.161056E-001 -2.778981E-001 2.890040E-001
    outer loop
      vertex -2.133883E+001 -8.838834E+000 9.567085E+000
      vertex -2.404849E+001 -4.783547E+000 4.877256E+000
      vertex -2.265318E+001 -9.383257E+000 4.877256E+000
    endloop
  endfacet
  facet normal -8.442878E-001 -4.512813E-001 2.890040E-001
    outer loop
      vertex -2.133883E+001 -8.838834E+000 9.567085E+000
      vertex -2.265318E+001 -9.383257E+000 4.877256E+000
      vertex -1.920444E+001 -1.283200E+001 9.567085E+000
    endloop
  endfacet
  facet normal -8.442878E-001 -4.512812E-001 2.890041E-001
    outer loop
      vertex -1.920444E+001 -1.283200E+001 9.567085E+000
      vertex -2.265318E+001 -9.383257E+000 4.877256E+000
      vertex -2.038733E+001 -1.362238E+001 4.877256E+000
    endloop
  endfacet
  facet normal -7.400244E-001 -6.073223E-001 2.890041E-001
    outer loop
      vertex -1.920444E+001 -1.283200E+001 9.567085E+000
      vertex -2.038733E+001 -1.362238E+001 4.877256E+000
      vertex -1.633203E+001 -1.633204E+001 9.567085E+000
    endloop
  endfacet
  facet normal -7.400245E-001 -6.073223E-001 2.890041E-001
    outer loop
      vertex -1.633203E+001 -1.633204E+001 9.567085E+000
      vertex -2.038733E+001 -1.362238E+001 4.877256E+000
      vertex -1.733800E+001 -1.733800E+001 4.877256E+000
    endloop
  endfacet
  facet normal -6.073223E-001 -7.400245E-001 2.890041E-001
    outer loop
      vertex -1.633203E+001 -1.633204E+001 9.567085E+000
      vertex -1.733800E+001 -1.733800E+001 4.877256E+000
      vertex -1.283199E+001 -1.920445E+001 9.567085E+000
    endloop
  endfacet
  facet normal -6.073222E-001 -7.400246E-001 2.890041E-001
    outer loop
      vertex -1.283199E+001 -1.920445E+001 9.567085E+000
      vertex -1.733800E+001 -1.733800E+001 4.877256E+000
      vertex -1.362237E+001 -2.038733E+001 4.877256E+000
    endloop
  endfacet
  facet normal -4.512809E-001 -8.442879E-001 2.890041E-001
    outer loop
      vertex -1.283199E+001 -1.920445E+001 9.567085E+000
      vertex -1.362237E+001 -2.038733E+001 4.877256E+000
      vertex -8.838827E+000 -2.133884E+001 9.567085E+000
    endloop
  endfacet
  facet normal -4.512810E-001 -8.442878E-001 2.890042E-001
    outer loop
      vertex -8.838827E+000 -2.133884E+001 9.567085E+000
      vertex -1.362237E+001 -2.038733E+001 4.877256E+000
      vertex -9.383249E+000 -2.265319E+001 4.877256E+000
    endloop
  endfacet
  facet normal -2.778975E-001 -9.161056E-001 2.890043E-001
    outer loop
      vertex -8.838827E+000 -2.133884E+001 9.567085E+000
      vertex -9.383249E+000 -2.265319E+001 4.877256E+000
      vertex -4.506000E+000 -2.265318E+001 9.567085E+000
    endloop
  endfacet
  facet normal -2.778974E-001 -9.161057E-001 2.890041E-001
    outer loop
      vertex -4.506000E+000 -2.265318E+001 9.567085E+000
      vertex -9.383249E+000 -2.265319E+001 4.877256E+000
      vertex -4.783545E+000 -2.404849E+001 4.877256E+000
    endloop
  endfacet
  facet normal -9.383444E-002 -9.527181E-001 2.890041E-001
    outer loop
      vertex -4.506000E+000 -2.265318E+001 9.567085E+000
      vertex -4.783545E+000 -2.404849E+001 4.877256E+000
      vertex 2.754288E-007 -2.309699E+001 9.567085E+000
    endloop
  endfacet
  facet normal -9.383454E-002 -9.527181E-001 2.890041E-001
    outer loop
      vertex 2.754288E-007 -2.309699E+001 9.567085E+000
      vertex -4.783545E+000 -2.404849E+001 4.877256E+000
      vertex 2.923937E-007 -2.451963E+001 4.877256E+000
    endloop
  endfacet
  facet normal 9.383445E-002 -9.527181E-001 2.890041E-001
    outer loop
      vertex 2.754288E-007 -2.309699E+001 9.567085E+000
      vertex 2.923937E-007 -2.451963E+001 4.877256E+000
      vertex 4.506001E+000 -2.265318E+001 9.567085E+000
    endloop
  endfacet
  facet normal 9.383453E-002 -9.527181E-001 2.890041E-001
    outer loop
      vertex 4.506001E+000 -2.265318E+001 9.567085E+000
      vertex 2.923937E-007 -2.451963E+001 4.877256E+000
      vertex 4.783545E+000 -2.404849E+001 4.877256E+000
    endloop
  endfacet
  facet normal 2.778980E-001 -9.161055E-001 2.890041E-001
    outer loop
      vertex 4.506001E+000 -2.265318E+001 9.567085E+000
      vertex 4.783545E+000 -2.404849E+001 4.877256E+000
      vertex 8.838839E+000 -2.133883E+001 9.567085E+000
    endloop
  endfacet
  facet normal 2.778977E-001 -9.161056E-001 2.890043E-001
    outer loop
      vertex 8.838839E+000 -2.133883E+001 9.567085E+000
      vertex 4.783545E+000 -2.404849E+001 4.877256E+000
      vertex 9.383262E+000 -2.265318E+001 4.877256E+000
    endloop
  endfacet
  facet normal 4.512814E-001 -8.442876E-001 2.890043E-001
    outer loop
      vertex 8.838839E+000 -2.133883E+001 9.567085E+000
      vertex 9.383262E+000 -2.265318E+001 4.877256E+000
      vertex 1.283200E+001 -1.920444E+001 9.567085E+000
    endloop
  endfacet
  facet normal 4.512816E-001 -8.442876E-001 2.890041E-001
    outer loop
      vertex 1.283200E+001 -1.920444E+001 9.567085E+000
      vertex 9.383262E+000 -2.265318E+001 4.877256E+000
      vertex 1.362238E+001 -2.038733E+001 4.877256E+000
    endloop
  endfacet
  facet normal 6.073228E-001 -7.400241E-001 2.890041E-001
    outer loop
      vertex 1.283200E+001 -1.920444E+001 9.567085E+000
      vertex 1.362238E+001 -2.038733E+001 4.877256E+000
      vertex 1.633204E+001 -1.633203E+001 9.567085E+000
    endloop
  endfacet
  facet normal 6.073226E-001 -7.400243E-001 2.890041E-001
    outer loop
      vertex 1.633204E+001 -1.633203E+001 9.567085E+000
      vertex 1.362238E+001 -2.038733E+001 4.877256E+000
      vertex 1.733800E+001 -1.733799E+001 4.877256E+000
    endloop
  endfacet
  facet normal 7.400242E-001 -6.073226E-001 2.890042E-001
    outer loop
      vertex 1.633204E+001 -1.633203E+001 9.567085E+000
      vertex 1.733800E+001 -1.733799E+001 4.877256E+000
      vertex 1.920444E+001 -1.283200E+001 9.567085E+000
    endloop
  endfacet
  facet normal 7.400243E-001 -6.073226E-001 2.890041E-001
    outer loop
      vertex 1.920444E+001 -1.283200E+001 9.567085E+000
      vertex 1.733800E+001 -1.733799E+001 4.877256E+000
      vertex 2.038733E+001 -1.362238E+001 4.877256E+000
    endloop
  endfacet
  facet normal 8.442878E-001 -4.512813E-001 2.890041E-001
    outer loop
      vertex 1.920444E+001 -1.283200E+001 9.567085E+000
      vertex 2.038733E+001 -1.362238E+001 4.877256E+000
      vertex 2.133883E+001 -8.838834E+000 9.567085E+000
    endloop
  endfacet
  facet normal 8.442878E-001 -4.512812E-001 2.890040E-001
    outer loop
      vertex 2.133883E+001 -8.838834E+000 9.567085E+000
      vertex 2.038733E+001 -1.362238E+001 4.877256E+000
      vertex 2.265319E+001 -9.383257E+000 4.877256E+000
    endloop
  endfacet
  facet normal 9.161058E-001 -2.778973E-001 2.890039E-001
    outer loop
      vertex 2.133883E+001 -8.838834E+000 9.567085E+000
      vertex 2.265319E+001 -9.383257E+000 4.877256E+000
      vertex 2.265318E+001 -4.505997E+000 9.567085E+000
    endloop
  endfacet
  facet normal 9.161057E-001 -2.778974E-001 2.890041E-001
    outer loop
      vertex 2.265318E+001 -4.505997E+000 9.567085E+000
      vertex 2.265319E+001 -9.383257E+000 4.877256E+000
      vertex 2.404849E+001 -4.783541E+000 4.877256E+000
    endloop
  endfacet
  facet normal 9.527181E-001 -9.383453E-002 2.890041E-001
    outer loop
      vertex 2.265318E+001 -4.505997E+000 9.567085E+000
      vertex 2.404849E+001 -4.783541E+000 4.877256E+000
      vertex 2.309699E+001 0.000000E+000 9.567085E+000
    endloop
  endfacet
  facet normal 9.527180E-001 -9.383462E-002 2.890041E-001
    outer loop
      vertex 2.309699E+001 0.000000E+000 9.567085E+000
      vertex 2.404849E+001 -4.783541E+000 4.877256E+000
      vertex 2.451963E+001 0.000000E+000 4.877256E+000
    endloop
  endfacet
  facet normal 9.904384E-001 9.754970E-002 9.754962E-002
    outer loop
      vertex 2.451963E+001 0.000000E+000 4.877256E+000
      vertex 2.500000E+001 0.000000E+000 -1.092785E-006
      vertex 2.404849E+001 4.783543E+000 4.877256E+000
    endloop
  endfacet
  facet normal 9.904383E-001 9.754997E-002 9.754933E-002
    outer loop
      vertex 2.404849E+001 4.783543E+000 4.877256E+000
      vertex 2.500000E+001 0.000000E+000 -1.092785E-006
      vertex 2.451963E+001 4.877258E+000 -1.092785E-006
    endloop
  endfacet
  facet normal 9.523763E-001 2.889004E-001 9.754934E-002
    outer loop
      vertex 2.404849E+001 4.783543E+000 4.877256E+000
      vertex 2.451963E+001 4.877258E+000 -1.092785E-006
      vertex 2.265318E+001 9.383258E+000 4.877256E+000
    endloop
  endfacet
  facet normal 9.523763E-001 2.889002E-001 9.754960E-002
    outer loop
      vertex 2.265318E+001 9.383258E+000 4.877256E+000
      vertex 2.451963E+001 4.877258E+000 -1.092785E-006
      vertex 2.309699E+001 9.567086E+000 -1.092785E-006
    endloop
  endfacet
  facet normal 8.777152E-001 4.691483E-001 9.754959E-002
    outer loop
      vertex 2.265318E+001 9.383258E+000 4.877256E+000
      vertex 2.309699E+001 9.567086E+000 -1.092785E-006
      vertex 2.038733E+001 1.362238E+001 4.877256E+000
    endloop
  endfacet
  facet normal 8.777151E-001 4.691483E-001 9.754947E-002
    outer loop
      vertex 2.038733E+001 1.362238E+001 4.877256E+000
      vertex 2.309699E+001 9.567086E+000 -1.092785E-006
      vertex 2.078674E+001 1.388926E+001 -1.092785E-006
    endloop
  endfacet
  facet normal 7.693235E-001 6.313679E-001 9.754951E-002
    outer loop
      vertex 2.038733E+001 1.362238E+001 4.877256E+000
      vertex 2.078674E+001 1.388926E+001 -1.092785E-006
      vertex 1.733800E+001 1.733800E+001 4.877256E+000
    endloop
  endfacet
  facet normal 7.693238E-001 6.313676E-001 9.754986E-002
    outer loop
      vertex 1.733800E+001 1.733800E+001 4.877256E+000
      vertex 2.078674E+001 1.388926E+001 -1.092785E-006
      vertex 1.767767E+001 1.767767E+001 -1.092785E-006
    endloop
  endfacet
  facet normal 6.313679E-001 7.693234E-001 9.754986E-002
    outer loop
      vertex 1.733800E+001 1.733800E+001 4.877256E+000
      vertex 1.767767E+001 1.767767E+001 -1.092785E-006
      vertex 1.362238E+001 2.038733E+001 4.877256E+000
    endloop
  endfacet
  facet normal 6.313677E-001 7.693237E-001 9.754951E-002
    outer loop
      vertex 1.362238E+001 2.038733E+001 4.877256E+000
      vertex 1.767767E+001 1.767767E+001 -1.092785E-006
      vertex 1.388925E+001 2.078674E+001 -1.092785E-006
    endloop
  endfacet
  facet normal 4.691480E-001 8.777153E-001 9.754947E-002
    outer loop
      vertex 1.362238E+001 2.038733E+001 4.877256E+000
      vertex 1.388925E+001 2.078674E+001 -1.092785E-006
      vertex 9.383257E+000 2.265318E+001 4.877256E+000
    endloop
  endfacet
  facet normal 4.691482E-001 8.777153E-001 9.754959E-002
    outer loop
      vertex 9.383257E+000 2.265318E+001 4.877256E+000
      vertex 1.388925E+001 2.078674E+001 -1.092785E-006
      vertex 9.567085E+000 2.309699E+001 -1.092785E-006
    endloop
  endfacet
  facet normal 2.889003E-001 9.523763E-001 9.754960E-002
    outer loop
      vertex 9.383257E+000 2.265318E+001 4.877256E+000
      vertex 9.567085E+000 2.309699E+001 -1.092785E-006
      vertex 4.783541E+000 2.404849E+001 4.877256E+000
    endloop
  endfacet
  facet normal 2.889005E-001 9.523762E-001 9.754971E-002
    outer loop
      vertex 4.783541E+000 2.404849E+001 4.877256E+000
      vertex 9.567085E+000 2.309699E+001 -1.092785E-006
      vertex 4.877256E+000 2.451963E+001 -1.092785E-006
    endloop
  endfacet
  facet normal 9.754973E-002 9.904384E-001 9.754973E-002
    outer loop
      vertex 4.783541E+000 2.404849E+001 4.877256E+000
      vertex 4.877256E+000 2.451963E+001 -1.092785E-006
      vertex -1.071787E-006 2.451963E+001 4.877256E+000
    endloop
  endfacet
  facet normal 9.754962E-002 9.904383E-001 9.754962E-002
    outer loop
      vertex -1.071787E-006 2.451963E+001 4.877256E+000
      vertex 4.877256E+000 2.451963E+001 -1.092785E-006
      vertex -1.092785E-006 2.500000E+001 -1.092785E-006
    endloop
  endfacet
  facet normal -9.754971E-002 9.904384E-001 9.754962E-002
    outer loop
      vertex -1.071787E-006 2.451963E+001 4.877256E+000
      vertex -1.092785E-006 2.500000E+001 -1.092785E-006
      vertex -4.783543E+000 2.404849E+001 4.877256E+000
    endloop
  endfacet
  facet normal -9.754999E-002 9.904383E-001 9.754933E-002
    outer loop
      vertex -4.783543E+000 2.404849E+001 4.877256E+000
      vertex -1.092785E-006 2.500000E+001 -1.092785E-006
      vertex -4.877258E+000 2.451963E+001 -1.092785E-006
    endloop
  endfacet
  facet normal -2.889004E-001 9.523763E-001 9.754934E-002
    outer loop
      vertex -4.783543E+000 2.404849E+001 4.877256E+000
      vertex -4.877258E+000 2.451963E+001 -1.092785E-006
      vertex -9.383259E+000 2.265318E+001 4.877256E+000
    endloop
  endfacet
  facet normal -2.889001E-001 9.523764E-001 9.754966E-002
    outer loop
      vertex -9.383259E+000 2.265318E+001 4.877256E+000
      vertex -4.877258E+000 2.451963E+001 -1.092785E-006
      vertex -9.567088E+000 2.309699E+001 -1.092785E-006
    endloop
  endfacet
  facet normal -4.691484E-001 8.777151E-001 9.754968E-002
    outer loop
      vertex -9.383259E+000 2.265318E+001 4.877256E+000
      vertex -9.567088E+000 2.309699E+001 -1.092785E-006
      vertex -1.362238E+001 2.038733E+001 4.877256E+000
    endloop
  endfacet
  facet normal -4.691483E-001 8.777152E-001 9.754982E-002
    outer loop
      vertex -1.362238E+001 2.038733E+001 4.877256E+000
      vertex -9.567088E+000 2.309699E+001 -1.092785E-006
      vertex -1.388926E+001 2.078674E+001 -1.092785E-006
    endloop
  endfacet
  facet normal -6.313679E-001 7.693235E-001 9.754980E-002
    outer loop
      vertex -1.362238E+001 2.038733E+001 4.877256E+000
      vertex -1.388926E+001 2.078674E+001 -1.092785E-006
      vertex -1.733800E+001 1.733800E+001 4.877256E+000
    endloop
  endfacet
  facet normal -6.313679E-001 7.693235E-001 9.754988E-002
    outer loop
      vertex -1.733800E+001 1.733800E+001 4.877256E+000
      vertex -1.388926E+001 2.078674E+001 -1.092785E-006
      vertex -1.767767E+001 1.767767E+001 -1.092785E-006
    endloop
  endfacet
  facet normal -7.693234E-001 6.313679E-001 9.754986E-002
    outer loop
      vertex -1.733800E+001 1.733800E+001 4.877256E+000
      vertex -1.767767E+001 1.767767E+001 -1.092785E-006
      vertex -2.038733E+001 1.362238E+001 4.877256E+000
    endloop
  endfacet
  facet normal -7.693237E-001 6.313677E-001 9.754951E-002
    outer loop
      vertex -2.038733E+001 1.362238E+001 4.877256E+000
      vertex -1.767767E+001 1.767767E+001 -1.092785E-006
      vertex -2.078674E+001 1.388925E+001 -1.092785E-006
    endloop
  endfacet
  facet normal -8.777151E-001 4.691483E-001 9.754948E-002
    outer loop
      vertex -2.038733E+001 1.362238E+001 4.877256E+000
      vertex -2.078674E+001 1.388925E+001 -1.092785E-006
      vertex -2.265319E+001 9.383253E+000 4.877256E+000
    endloop
  endfacet
  facet normal -8.777151E-001 4.691484E-001 9.754959E-002
    outer loop
      vertex -2.265319E+001 9.383253E+000 4.877256E+000
      vertex -2.078674E+001 1.388925E+001 -1.092785E-006
      vertex -2.309699E+001 9.567081E+000 -1.092785E-006
    endloop
  endfacet
  facet normal -9.523764E-001 2.889000E-001 9.754959E-002
    outer loop
      vertex -2.265319E+001 9.383253E+000 4.877256E+000
      vertex -2.309699E+001 9.567081E+000 -1.092785E-006
      vertex -2.404849E+001 4.783543E+000 4.877256E+000
    endloop
  endfacet
  facet normal -9.523764E-001 2.889001E-001 9.754972E-002
    outer loop
      vertex -2.404849E+001 4.783543E+000 4.877256E+000
      vertex -2.309699E+001 9.567081E+000 -1.092785E-006
      vertex -2.451963E+001 4.877258E+000 -1.092785E-006
    endloop
  endfacet
  facet normal -9.904383E-001 9.754965E-002 9.754971E-002
    outer loop
      vertex -2.404849E+001 4.783543E+000 4.877256E+000
      vertex -2.451963E+001 4.877258E+000 -1.092785E-006
      vertex -2.451963E+001 -2.143574E-006 4.877256E+000
    endloop
  endfacet
  facet normal -9.904383E-001 9.754956E-002 9.754962E-002
    outer loop
      vertex -2.451963E+001 -2.143574E-006 4.877256E+000
      vertex -2.451963E+001 4.877258E+000 -1.092785E-006
      vertex -2.500000E+001 -2.185569E-006 -1.092785E-006
    endloop
  endfacet
  facet normal -9.904384E-001 -9.754965E-002 9.754962E-002
    outer loop
      vertex -2.451963E+001 -2.143574E-006 4.877256E+000
      vertex -2.500000E+001 -2.185569E-006 -1.092785E-006
      vertex -2.404849E+001 -4.783547E+000 4.877256E+000
    endloop
  endfacet
  facet normal -9.904383E-001 -9.754995E-002 9.754933E-002
    outer loop
      vertex -2.404849E+001 -4.783547E+000 4.877256E+000
      vertex -2.500000E+001 -2.185569E-006 -1.092785E-006
      vertex -2.451963E+001 -4.877262E+000 -1.092785E-006
    endloop
  endfacet
  facet normal -9.523762E-001 -2.889007E-001 9.754934E-002
    outer loop
      vertex -2.404849E+001 -4.783547E+000 4.877256E+000
      vertex -2.451963E+001 -4.877262E+000 -1.092785E-006
      vertex -2.265318E+001 -9.383257E+000 4.877256E+000
    endloop
  endfacet
  facet normal -9.523763E-001 -2.889005E-001 9.754960E-002
    outer loop
      vertex -2.265318E+001 -9.383257E+000 4.877256E+000
      vertex -2.451963E+001 -4.877262E+000 -1.092785E-006
      vertex -2.309699E+001 -9.567085E+000 -1.092785E-006
    endloop
  endfacet
  facet normal -8.777151E-001 -4.691484E-001 9.754959E-002
    outer loop
      vertex -2.265318E+001 -9.383257E+000 4.877256E+000
      vertex -2.309699E+001 -9.567085E+000 -1.092785E-006
      vertex -2.038733E+001 -1.362238E+001 4.877256E+000
    endloop
  endfacet
  facet normal -8.777152E-001 -4.691482E-001 9.754982E-002
    outer loop
      vertex -2.038733E+001 -1.362238E+001 4.877256E+000
      vertex -2.309699E+001 -9.567085E+000 -1.092785E-006
      vertex -2.078674E+001 -1.388926E+001 -1.092785E-006
    endloop
  endfacet
  facet normal -7.693238E-001 -6.313676E-001 9.754980E-002
    outer loop
      vertex -2.038733E+001 -1.362238E+001 4.877256E+000
      vertex -2.078674E+001 -1.388926E+001 -1.092785E-006
      vertex -1.733800E+001 -1.733800E+001 4.877256E+000
    endloop
  endfacet
  facet normal -7.693235E-001 -6.313680E-001 9.754933E-002
    outer loop
      vertex -1.733800E+001 -1.733800E+001 4.877256E+000
      vertex -2.078674E+001 -1.388926E+001 -1.092785E-006
      vertex -1.767767E+001 -1.767767E+001 -1.092785E-006
    endloop
  endfacet
  facet normal -6.313675E-001 -7.693239E-001 9.754933E-002
    outer loop
      vertex -1.733800E+001 -1.733800E+001 4.877256E+000
      vertex -1.767767E+001 -1.767767E+001 -1.092785E-006
      vertex -1.362237E+001 -2.038733E+001 4.877256E+000
    endloop
  endfacet
  facet normal -6.313678E-001 -7.693236E-001 9.754968E-002
    outer loop
      vertex -1.362237E+001 -2.038733E+001 4.877256E+000
      vertex -1.767767E+001 -1.767767E+001 -1.092785E-006
      vertex -1.388925E+001 -2.078675E+001 -1.092785E-006
    endloop
  endfacet
  facet normal -4.691483E-001 -8.777151E-001 9.754972E-002
    outer loop
      vertex -1.362237E+001 -2.038733E+001 4.877256E+000
      vertex -1.388925E+001 -2.078675E+001 -1.092785E-006
      vertex -9.383249E+000 -2.265319E+001 4.877256E+000
    endloop
  endfacet
  facet normal -4.691483E-001 -8.777152E-001 9.754969E-002
    outer loop
      vertex -9.383249E+000 -2.265319E+001 4.877256E+000
      vertex -1.388925E+001 -2.078675E+001 -1.092785E-006
      vertex -9.567079E+000 -2.309699E+001 -1.092785E-006
    endloop
  endfacet
  facet normal -2.888999E-001 -9.523764E-001 9.754965E-002
    outer loop
      vertex -9.383249E+000 -2.265319E+001 4.877256E+000
      vertex -9.567079E+000 -2.309699E+001 -1.092785E-006
      vertex -4.783545E+000 -2.404849E+001 4.877256E+000
    endloop
  endfacet
  facet normal -2.888997E-001 -9.523766E-001 9.754936E-002
    outer loop
      vertex -4.783545E+000 -2.404849E+001 4.877256E+000
      vertex -9.567079E+000 -2.309699E+001 -1.092785E-006
      vertex -4.877260E+000 -2.451963E+001 -1.092785E-006
    endloop
  endfacet
  facet normal -9.754965E-002 -9.904384E-001 9.754933E-002
    outer loop
      vertex -4.783545E+000 -2.404849E+001 4.877256E+000
      vertex -4.877260E+000 -2.451963E+001 -1.092785E-006
      vertex 2.923937E-007 -2.451963E+001 4.877256E+000
    endloop
  endfacet
  facet normal -9.754993E-002 -9.904383E-001 9.754961E-002
    outer loop
      vertex 2.923937E-007 -2.451963E+001 4.877256E+000
      vertex -4.877260E+000 -2.451963E+001 -1.092785E-006
      vertex 2.981220E-007 -2.500000E+001 -1.092785E-006
    endloop
  endfacet
  facet normal 9.754965E-002 -9.904383E-001 9.754962E-002
    outer loop
      vertex 2.923937E-007 -2.451963E+001 4.877256E+000
      vertex 2.981220E-007 -2.500000E+001 -1.092785E-006
      vertex 4.783545E+000 -2.404849E+001 4.877256E+000
    endloop
  endfacet
  facet normal 9.754995E-002 -9.904383E-001 9.754933E-002
    outer loop
      vertex 4.783545E+000 -2.404849E+001 4.877256E+000
      vertex 2.981220E-007 -2.500000E+001 -1.092785E-006
      vertex 4.877260E+000 -2.451963E+001 -1.092785E-006
    endloop
  endfacet
  facet normal 2.889003E-001 -9.523763E-001 9.754934E-002
    outer loop
      vertex 4.783545E+000 -2.404849E+001 4.877256E+000
      vertex 4.877260E+000 -2.451963E+001 -1.092785E-006
      vertex 9.383262E+000 -2.265318E+001 4.877256E+000
    endloop
  endfacet
  facet normal 2.889001E-001 -9.523764E-001 9.754961E-002
    outer loop
      vertex 9.383262E+000 -2.265318E+001 4.877256E+000
      vertex 4.877260E+000 -2.451963E+001 -1.092785E-006
      vertex 9.567090E+000 -2.309699E+001 -1.092785E-006
    endloop
  endfacet
  facet normal 4.691488E-001 -8.777148E-001 9.754958E-002
    outer loop
      vertex 9.383262E+000 -2.265318E+001 4.877256E+000
      vertex 9.567090E+000 -2.309699E+001 -1.092785E-006
      vertex 1.362238E+001 -2.038733E+001 4.877256E+000
    endloop
  endfacet
  facet normal 4.691486E-001 -8.777150E-001 9.754983E-002
    outer loop
      vertex 1.362238E+001 -2.038733E+001 4.877256E+000
      vertex 9.567090E+000 -2.309699E+001 -1.092785E-006
      vertex 1.388926E+001 -2.078674E+001 -1.092785E-006
    endloop
  endfacet
  facet normal 6.313679E-001 -7.693235E-001 9.754980E-002
    outer loop
      vertex 1.362238E+001 -2.038733E+001 4.877256E+000
      vertex 1.388926E+001 -2.078674E+001 -1.092785E-006
      vertex 1.733800E+001 -1.733799E+001 4.877256E+000
    endloop
  endfacet
  facet normal 6.313679E-001 -7.693235E-001 9.754986E-002
    outer loop
      vertex 1.733800E+001 -1.733799E+001 4.877256E+000
      vertex 1.388926E+001 -2.078674E+001 -1.092785E-006
      vertex 1.767768E+001 -1.767766E+001 -1.092785E-006
    endloop
  endfacet
  facet normal 7.693235E-001 -6.313679E-001 9.754986E-002
    outer loop
      vertex 1.733800E+001 -1.733799E+001 4.877256E+000
      vertex 1.767768E+001 -1.767766E+001 -1.092785E-006
      vertex 2.038733E+001 -1.362238E+001 4.877256E+000
    endloop
  endfacet
  facet normal 7.693238E-001 -6.313676E-001 9.754951E-002
    outer loop
      vertex 2.038733E+001 -1.362238E+001 4.877256E+000
      vertex 1.767768E+001 -1.767766E+001 -1.092785E-006
      vertex 2.078674E+001 -1.388926E+001 -1.092785E-006
    endloop
  endfacet
  facet normal 8.777151E-001 -4.691484E-001 9.754948E-002
    outer loop
      vertex 2.038733E+001 -1.362238E+001 4.877256E+000
      vertex 2.078674E+001 -1.388926E+001 -1.092785E-006
      vertex 2.265319E+001 -9.383257E+000 4.877256E+000
    endloop
  endfacet
  facet normal 8.777151E-001 -4.691485E-001 9.754959E-002
    outer loop
      vertex 2.265319E+001 -9.383257E+000 4.877256E+000
      vertex 2.078674E+001 -1.388926E+001 -1.092785E-006
      vertex 2.309699E+001 -9.567085E+000 -1.092785E-006
    endloop
  endfacet
  facet normal 9.523765E-001 -2.889000E-001 9.754961E-002
    outer loop
      vertex 2.265319E+001 -9.383257E+000 4.877256E+000
      vertex 2.309699E+001 -9.567085E+000 -1.092785E-006
      vertex 2.404849E+001 -4.783541E+000 4.877256E+000
    endloop
  endfacet
  facet normal 9.523764E-001 -2.889001E-001 9.754971E-002
    outer loop
      vertex 2.404849E+001 -4.783541E+000 4.877256E+000
      vertex 2.309699E+001 -9.567085E+000 -1.092785E-006
      vertex 2.451963E+001 -4.877256E+000 -1.092785E-006
    endloop
  endfacet
  facet normal 9.904384E-001 -9.754974E-002 9.754972E-002
    outer loop
      vertex 2.404849E+001 -4.783541E+000 4.877256E+000
      vertex 2.451963E+001 -4.877256E+000 -1.092785E-006
      vertex 2.451963E+001 0.000000E+000 4.877256E+000
    endloop
  endfacet
  facet normal 9.904383E-001 -9.754964E-002 9.754962E-002
    outer loop
      vertex 2.451963E+001 0.000000E+000 4.877256E+000
      vertex 2.451963E+001 -4.877256E+000 -1.092785E-006
      vertex 2.500000E+001 0.000000E+000 -1.092785E-006
    endloop
  endfacet
  facet normal 9.904383E-001 9.754997E-002 -9.754999E-002
    outer loop
      vertex 2.500000E+001 0.000000E+000 -1.092785E-006
      vertex 2.451963E+001 0.000000E+000 -4.877258E+000
      vertex 2.451963E+001 4.877258E+000 -1.092785E-006
    endloop
  endfacet
  facet normal 9.904384E-001 9.754971E-002 -9.754973E-002
    outer loop
      vertex 2.451963E+001 4.877258E+000 -1.092785E-006
      vertex 2.451963E+001 0.000000E+000 -4.877258E+000
      vertex 2.404849E+001 4.783543E+000 -4.877258E+000
    endloop
  endfacet
  facet normal 9.523764E-001 2.889002E-001 -9.754974E-002
    outer loop
      vertex 2.451963E+001 4.877258E+000 -1.092785E-006
      vertex 2.404849E+001 4.783543E+000 -4.877258E+000
      vertex 2.309699E+001 9.567086E+000 -1.092785E-006
    endloop
  endfacet
  facet normal 9.523764E-001 2.889001E-001 -9.754964E-002
    outer loop
      vertex 2.309699E+001 9.567086E+000 -1.092785E-006
      vertex 2.404849E+001 4.783543E+000 -4.877258E+000
      vertex 2.265318E+001 9.383257E+000 -4.877258E+000
    endloop
  endfacet
  facet normal 8.777152E-001 4.691484E-001 -9.754966E-002
    outer loop
      vertex 2.309699E+001 9.567086E+000 -1.092785E-006
      vertex 2.265318E+001 9.383257E+000 -4.877258E+000
      vertex 2.078674E+001 1.388926E+001 -1.092785E-006
    endloop
  endfacet
  facet normal 8.777150E-001 4.691486E-001 -9.754990E-002
    outer loop
      vertex 2.078674E+001 1.388926E+001 -1.092785E-006
      vertex 2.265318E+001 9.383257E+000 -4.877258E+000
      vertex 2.038733E+001 1.362238E+001 -4.877258E+000
    endloop
  endfacet
  facet normal 7.693238E-001 6.313676E-001 -9.754992E-002
    outer loop
      vertex 2.078674E+001 1.388926E+001 -1.092785E-006
      vertex 2.038733E+001 1.362238E+001 -4.877258E+000
      vertex 1.767767E+001 1.767767E+001 -1.092785E-006
    endloop
  endfacet
  facet normal 7.693238E-001 6.313676E-001 -9.754986E-002
    outer loop
      vertex 1.767767E+001 1.767767E+001 -1.092785E-006
      vertex 2.038733E+001 1.362238E+001 -4.877258E+000
      vertex 1.733800E+001 1.733800E+001 -4.877258E+000
    endloop
  endfacet
  facet normal 6.313676E-001 7.693237E-001 -9.754985E-002
    outer loop
      vertex 1.767767E+001 1.767767E+001 -1.092785E-006
      vertex 1.733800E+001 1.733800E+001 -4.877258E+000
      vertex 1.388925E+001 2.078674E+001 -1.092785E-006
    endloop
  endfacet
  facet normal 6.313676E-001 7.693237E-001 -9.754992E-002
    outer loop
      vertex 1.388925E+001 2.078674E+001 -1.092785E-006
      vertex 1.733800E+001 1.733800E+001 -4.877258E+000
      vertex 1.362238E+001 2.038733E+001 -4.877258E+000
    endloop
  endfacet
  facet normal 4.691482E-001 8.777152E-001 -9.754990E-002
    outer loop
      vertex 1.388925E+001 2.078674E+001 -1.092785E-006
      vertex 1.362238E+001 2.038733E+001 -4.877258E+000
      vertex 9.567085E+000 2.309699E+001 -1.092785E-006
    endloop
  endfacet
  facet normal 4.691484E-001 8.777152E-001 -9.754967E-002
    outer loop
      vertex 9.567085E+000 2.309699E+001 -1.092785E-006
      vertex 1.362238E+001 2.038733E+001 -4.877258E+000
      vertex 9.383256E+000 2.265318E+001 -4.877258E+000
    endloop
  endfacet
  facet normal 2.889005E-001 9.523763E-001 -9.754965E-002
    outer loop
      vertex 9.567085E+000 2.309699E+001 -1.092785E-006
      vertex 9.383256E+000 2.265318E+001 -4.877258E+000
      vertex 4.877256E+000 2.451963E+001 -1.092785E-006
    endloop
  endfacet
  facet normal 2.889000E-001 9.523764E-001 -9.755012E-002
    outer loop
      vertex 4.877256E+000 2.451963E+001 -1.092785E-006
      vertex 9.383256E+000 2.265318E+001 -4.877258E+000
      vertex 4.783540E+000 2.404849E+001 -4.877258E+000
    endloop
  endfacet
  facet normal 9.754962E-002 9.904383E-001 -9.755010E-002
    outer loop
      vertex 4.877256E+000 2.451963E+001 -1.092785E-006
      vertex 4.783540E+000 2.404849E+001 -4.877258E+000
      vertex -1.092785E-006 2.500000E+001 -1.092785E-006
    endloop
  endfacet
  facet normal 9.754972E-002 9.904383E-001 -9.755000E-002
    outer loop
      vertex -1.092785E-006 2.500000E+001 -1.092785E-006
      vertex 4.783540E+000 2.404849E+001 -4.877258E+000
      vertex -1.071787E-006 2.451963E+001 -4.877258E+000
    endloop
  endfacet
  facet normal -9.754999E-002 9.904383E-001 -9.754999E-002
    outer loop
      vertex -1.092785E-006 2.500000E+001 -1.092785E-006
      vertex -1.071787E-006 2.451963E+001 -4.877258E+000
      vertex -4.877258E+000 2.451963E+001 -1.092785E-006
    endloop
  endfacet
  facet normal -9.754972E-002 9.904384E-001 -9.754972E-002
    outer loop
      vertex -4.877258E+000 2.451963E+001 -1.092785E-006
      vertex -1.071787E-006 2.451963E+001 -4.877258E+000
      vertex -4.783543E+000 2.404849E+001 -4.877258E+000
    endloop
  endfacet
  facet normal -2.889001E-001 9.523764E-001 -9.754973E-002
    outer loop
      vertex -4.877258E+000 2.451963E+001 -1.092785E-006
      vertex -4.783543E+000 2.404849E+001 -4.877258E+000
      vertex -9.567088E+000 2.309699E+001 -1.092785E-006
    endloop
  endfacet
  facet normal -2.889000E-001 9.523765E-001 -9.754965E-002
    outer loop
      vertex -9.567088E+000 2.309699E+001 -1.092785E-006
      vertex -4.783543E+000 2.404849E+001 -4.877258E+000
      vertex -9.383259E+000 2.265318E+001 -4.877258E+000
    endloop
  endfacet
  facet normal -4.691483E-001 8.777152E-001 -9.754967E-002
    outer loop
      vertex -9.567088E+000 2.309699E+001 -1.092785E-006
      vertex -9.383259E+000 2.265318E+001 -4.877258E+000
      vertex -1.388926E+001 2.078674E+001 -1.092785E-006
    endloop
  endfacet
  facet normal -4.691487E-001 8.777149E-001 -9.755024E-002
    outer loop
      vertex -1.388926E+001 2.078674E+001 -1.092785E-006
      vertex -9.383259E+000 2.265318E+001 -4.877258E+000
      vertex -1.362238E+001 2.038733E+001 -4.877258E+000
    endloop
  endfacet
  facet normal -6.313679E-001 7.693235E-001 -9.755022E-002
    outer loop
      vertex -1.388926E+001 2.078674E+001 -1.092785E-006
      vertex -1.362238E+001 2.038733E+001 -4.877258E+000
      vertex -1.767767E+001 1.767767E+001 -1.092785E-006
    endloop
  endfacet
  facet normal -6.313676E-001 7.693237E-001 -9.754986E-002
    outer loop
      vertex -1.767767E+001 1.767767E+001 -1.092785E-006
      vertex -1.362238E+001 2.038733E+001 -4.877258E+000
      vertex -1.733800E+001 1.733800E+001 -4.877258E+000
    endloop
  endfacet
  facet normal -7.693237E-001 6.313676E-001 -9.754985E-002
    outer loop
      vertex -1.767767E+001 1.767767E+001 -1.092785E-006
      vertex -1.733800E+001 1.733800E+001 -4.877258E+000
      vertex -2.078674E+001 1.388925E+001 -1.092785E-006
    endloop
  endfacet
  facet normal -7.693237E-001 6.313676E-001 -9.754992E-002
    outer loop
      vertex -2.078674E+001 1.388925E+001 -1.092785E-006
      vertex -1.733800E+001 1.733800E+001 -4.877258E+000
      vertex -2.038733E+001 1.362238E+001 -4.877258E+000
    endloop
  endfacet
  facet normal -8.777151E-001 4.691484E-001 -9.754990E-002
    outer loop
      vertex -2.078674E+001 1.388925E+001 -1.092785E-006
      vertex -2.038733E+001 1.362238E+001 -4.877258E+000
      vertex -2.309699E+001 9.567081E+000 -1.092785E-006
    endloop
  endfacet
  facet normal -8.777151E-001 4.691483E-001 -9.755001E-002
    outer loop
      vertex -2.309699E+001 9.567081E+000 -1.092785E-006
      vertex -2.038733E+001 1.362238E+001 -4.877258E+000
      vertex -2.265319E+001 9.383252E+000 -4.877258E+000
    endloop
  endfacet
  facet normal -9.523763E-001 2.889001E-001 -9.755001E-002
    outer loop
      vertex -2.309699E+001 9.567081E+000 -1.092785E-006
      vertex -2.265319E+001 9.383252E+000 -4.877258E+000
      vertex -2.451963E+001 4.877258E+000 -1.092785E-006
    endloop
  endfacet
  facet normal -9.523764E-001 2.889000E-001 -9.755010E-002
    outer loop
      vertex -2.451963E+001 4.877258E+000 -1.092785E-006
      vertex -2.265319E+001 9.383252E+000 -4.877258E+000
      vertex -2.404849E+001 4.783542E+000 -4.877258E+000
    endloop
  endfacet
  facet normal -9.904383E-001 9.754955E-002 -9.755010E-002
    outer loop
      vertex -2.451963E+001 4.877258E+000 -1.092785E-006
      vertex -2.404849E+001 4.783542E+000 -4.877258E+000
      vertex -2.500000E+001 -2.185569E-006 -1.092785E-006
    endloop
  endfacet
  facet normal -9.904383E-001 9.754965E-002 -9.755000E-002
    outer loop
      vertex -2.500000E+001 -2.185569E-006 -1.092785E-006
      vertex -2.404849E+001 4.783542E+000 -4.877258E+000
      vertex -2.451963E+001 -2.143574E-006 -4.877258E+000
    endloop
  endfacet
  facet normal -9.904383E-001 -9.754994E-002 -9.754999E-002
    outer loop
      vertex -2.500000E+001 -2.185569E-006 -1.092785E-006
      vertex -2.451963E+001 -2.143574E-006 -4.877258E+000
      vertex -2.451963E+001 -4.877262E+000 -1.092785E-006
    endloop
  endfacet
  facet normal -9.904384E-001 -9.754967E-002 -9.754972E-002
    outer loop
      vertex -2.451963E+001 -4.877262E+000 -1.092785E-006
      vertex -2.451963E+001 -2.143574E-006 -4.877258E+000
      vertex -2.404849E+001 -4.783546E+000 -4.877258E+000
    endloop
  endfacet
  facet normal -9.523763E-001 -2.889005E-001 -9.754974E-002
    outer loop
      vertex -2.451963E+001 -4.877262E+000 -1.092785E-006
      vertex -2.404849E+001 -4.783546E+000 -4.877258E+000
      vertex -2.309699E+001 -9.567085E+000 -1.092785E-006
    endloop
  endfacet
  facet normal -9.523763E-001 -2.889004E-001 -9.754965E-002
    outer loop
      vertex -2.309699E+001 -9.567085E+000 -1.092785E-006
      vertex -2.404849E+001 -4.783546E+000 -4.877258E+000
      vertex -2.265318E+001 -9.383256E+000 -4.877258E+000
    endloop
  endfacet
  facet normal -8.777152E-001 -4.691482E-001 -9.754968E-002
    outer loop
      vertex -2.309699E+001 -9.567085E+000 -1.092785E-006
      vertex -2.265318E+001 -9.383256E+000 -4.877258E+000
      vertex -2.078674E+001 -1.388926E+001 -1.092785E-006
    endloop
  endfacet
  facet normal -8.777149E-001 -4.691487E-001 -9.755024E-002
    outer loop
      vertex -2.078674E+001 -1.388926E+001 -1.092785E-006
      vertex -2.265318E+001 -9.383256E+000 -4.877258E+000
      vertex -2.038733E+001 -1.362238E+001 -4.877258E+000
    endloop
  endfacet
  facet normal -7.693234E-001 -6.313680E-001 -9.755022E-002
    outer loop
      vertex -2.078674E+001 -1.388926E+001 -1.092785E-006
      vertex -2.038733E+001 -1.362238E+001 -4.877258E+000
      vertex -1.767767E+001 -1.767767E+001 -1.092785E-006
    endloop
  endfacet
  facet normal -7.693236E-001 -6.313676E-001 -9.754985E-002
    outer loop
      vertex -1.767767E+001 -1.767767E+001 -1.092785E-006
      vertex -2.038733E+001 -1.362238E+001 -4.877258E+000
      vertex -1.733799E+001 -1.733800E+001 -4.877258E+000
    endloop
  endfacet
  facet normal -6.313677E-001 -7.693236E-001 -9.754985E-002
    outer loop
      vertex -1.767767E+001 -1.767767E+001 -1.092785E-006
      vertex -1.733799E+001 -1.733800E+001 -4.877258E+000
      vertex -1.388925E+001 -2.078675E+001 -1.092785E-006
    endloop
  endfacet
  facet normal -6.313676E-001 -7.693237E-001 -9.755009E-002
    outer loop
      vertex -1.388925E+001 -2.078675E+001 -1.092785E-006
      vertex -1.733799E+001 -1.733800E+001 -4.877258E+000
      vertex -1.362237E+001 -2.038733E+001 -4.877258E+000
    endloop
  endfacet
  facet normal -4.691482E-001 -8.777151E-001 -9.755015E-002
    outer loop
      vertex -1.388925E+001 -2.078675E+001 -1.092785E-006
      vertex -1.362237E+001 -2.038733E+001 -4.877258E+000
      vertex -9.567079E+000 -2.309699E+001 -1.092785E-006
    endloop
  endfacet
  facet normal -4.691484E-001 -8.777151E-001 -9.755000E-002
    outer loop
      vertex -9.567079E+000 -2.309699E+001 -1.092785E-006
      vertex -1.362237E+001 -2.038733E+001 -4.877258E+000
      vertex -9.383249E+000 -2.265319E+001 -4.877258E+000
    endloop
  endfacet
  facet normal -2.888996E-001 -9.523765E-001 -9.755001E-002
    outer loop
      vertex -9.567079E+000 -2.309699E+001 -1.092785E-006
      vertex -9.383249E+000 -2.265319E+001 -4.877258E+000
      vertex -4.877260E+000 -2.451963E+001 -1.092785E-006
    endloop
  endfacet
  facet normal -2.888999E-001 -9.523764E-001 -9.754974E-002
    outer loop
      vertex -4.877260E+000 -2.451963E+001 -1.092785E-006
      vertex -9.383249E+000 -2.265319E+001 -4.877258E+000
      vertex -4.783544E+000 -2.404849E+001 -4.877258E+000
    endloop
  endfacet
  facet normal -9.754994E-002 -9.904383E-001 -9.754972E-002
    outer loop
      vertex -4.877260E+000 -2.451963E+001 -1.092785E-006
      vertex -4.783544E+000 -2.404849E+001 -4.877258E+000
      vertex 2.981220E-007 -2.500000E+001 -1.092785E-006
    endloop
  endfacet
  facet normal -9.754965E-002 -9.904383E-001 -9.755000E-002
    outer loop
      vertex 2.981220E-007 -2.500000E+001 -1.092785E-006
      vertex -4.783544E+000 -2.404849E+001 -4.877258E+000
      vertex 2.923937E-007 -2.451963E+001 -4.877258E+000
    endloop
  endfacet
  facet normal 9.754994E-002 -9.904383E-001 -9.754999E-002
    outer loop
      vertex 2.981220E-007 -2.500000E+001 -1.092785E-006
      vertex 2.923937E-007 -2.451963E+001 -4.877258E+000
      vertex 4.877260E+000 -2.451963E+001 -1.092785E-006
    endloop
  endfacet
  facet normal 9.754967E-002 -9.904384E-001 -9.754971E-002
    outer loop
      vertex 4.877260E+000 -2.451963E+001 -1.092785E-006
      vertex 2.923937E-007 -2.451963E+001 -4.877258E+000
      vertex 4.783545E+000 -2.404849E+001 -4.877258E+000
    endloop
  endfacet
  facet normal 2.889001E-001 -9.523764E-001 -9.754971E-002
    outer loop
      vertex 4.877260E+000 -2.451963E+001 -1.092785E-006
      vertex 4.783545E+000 -2.404849E+001 -4.877258E+000
      vertex 9.567090E+000 -2.309699E+001 -1.092785E-006
    endloop
  endfacet
  facet normal 2.889004E-001 -9.523762E-001 -9.755002E-002
    outer loop
      vertex 9.567090E+000 -2.309699E+001 -1.092785E-006
      vertex 4.783545E+000 -2.404849E+001 -4.877258E+000
      vertex 9.383261E+000 -2.265318E+001 -4.877258E+000
    endloop
  endfacet
  facet normal 4.691486E-001 -8.777149E-001 -9.755000E-002
    outer loop
      vertex 9.567090E+000 -2.309699E+001 -1.092785E-006
      vertex 9.383261E+000 -2.265318E+001 -4.877258E+000
      vertex 1.388926E+001 -2.078674E+001 -1.092785E-006
    endloop
  endfacet
  facet normal 4.691488E-001 -8.777148E-001 -9.755025E-002
    outer loop
      vertex 1.388926E+001 -2.078674E+001 -1.092785E-006
      vertex 9.383261E+000 -2.265318E+001 -4.877258E+000
      vertex 1.362238E+001 -2.038732E+001 -4.877258E+000
    endloop
  endfacet
  facet normal 6.313679E-001 -7.693235E-001 -9.755021E-002
    outer loop
      vertex 1.388926E+001 -2.078674E+001 -1.092785E-006
      vertex 1.362238E+001 -2.038732E+001 -4.877258E+000
      vertex 1.767768E+001 -1.767766E+001 -1.092785E-006
    endloop
  endfacet
  facet normal 6.313676E-001 -7.693237E-001 -9.754984E-002
    outer loop
      vertex 1.767768E+001 -1.767766E+001 -1.092785E-006
      vertex 1.362238E+001 -2.038732E+001 -4.877258E+000
      vertex 1.733800E+001 -1.733799E+001 -4.877258E+000
    endloop
  endfacet
  facet normal 7.693238E-001 -6.313675E-001 -9.754986E-002
    outer loop
      vertex 1.767768E+001 -1.767766E+001 -1.092785E-006
      vertex 1.733800E+001 -1.733799E+001 -4.877258E+000
      vertex 2.078674E+001 -1.388926E+001 -1.092785E-006
    endloop
  endfacet
  facet normal 7.693238E-001 -6.313675E-001 -9.754993E-002
    outer loop
      vertex 2.078674E+001 -1.388926E+001 -1.092785E-006
      vertex 1.733800E+001 -1.733799E+001 -4.877258E+000
      vertex 2.038733E+001 -1.362238E+001 -4.877258E+000
    endloop
  endfacet
  facet normal 8.777151E-001 -4.691485E-001 -9.754992E-002
    outer loop
      vertex 2.078674E+001 -1.388926E+001 -1.092785E-006
      vertex 2.038733E+001 -1.362238E+001 -4.877258E+000
      vertex 2.309699E+001 -9.567085E+000 -1.092785E-006
    endloop
  endfacet
  facet normal 8.777151E-001 -4.691484E-001 -9.755000E-002
    outer loop
      vertex 2.309699E+001 -9.567085E+000 -1.092785E-006
      vertex 2.038733E+001 -1.362238E+001 -4.877258E+000
      vertex 2.265318E+001 -9.383256E+000 -4.877258E+000
    endloop
  endfacet
  facet normal 9.523764E-001 -2.889001E-001 -9.755000E-002
    outer loop
      vertex 2.309699E+001 -9.567085E+000 -1.092785E-006
      vertex 2.265318E+001 -9.383256E+000 -4.877258E+000
      vertex 2.451963E+001 -4.877256E+000 -1.092785E-006
    endloop
  endfacet
  facet normal 9.523764E-001 -2.889000E-001 -9.755012E-002
    outer loop
      vertex 2.451963E+001 -4.877256E+000 -1.092785E-006
      vertex 2.265318E+001 -9.383256E+000 -4.877258E+000
      vertex 2.404849E+001 -4.783540E+000 -4.877258E+000
    endloop
  endfacet
  facet normal 9.904383E-001 -9.754963E-002 -9.755009E-002
    outer loop
      vertex 2.451963E+001 -4.877256E+000 -1.092785E-006
      vertex 2.404849E+001 -4.783540E+000 -4.877258E+000
      vertex 2.500000E+001 0.000000E+000 -1.092785E-006
    endloop
  endfacet
  facet normal 9.904383E-001 -9.754974E-002 -9.754999E-002
    outer loop
      vertex 2.500000E+001 0.000000E+000 -1.092785E-006
      vertex 2.404849E+001 -4.783540E+000 -4.877258E+000
      vertex 2.451963E+001 0.000000E+000 -4.877258E+000
    endloop
  endfacet
  facet normal 9.527182E-001 9.383459E-002 -2.890038E-001
    outer loop
      vertex 2.451963E+001 0.000000E+000 -4.877258E+000
      vertex 2.309699E+001 0.000000E+000 -9.567088E+000
      vertex 2.404849E+001 4.783543E+000 -4.877258E+000
    endloop
  endfacet
  facet normal 9.527182E-001 9.383452E-002 -2.890037E-001
    outer loop
      vertex 2.404849E+001 4.783543E+000 -4.877258E+000
      vertex 2.309699E+001 0.000000E+000 -9.567088E+000
      vertex 2.265318E+001 4.505999E+000 -9.567088E+000
    endloop
  endfacet
  facet normal 9.161057E-001 2.778975E-001 -2.890037E-001
    outer loop
      vertex 2.404849E+001 4.783543E+000 -4.877258E+000
      vertex 2.265318E+001 4.505999E+000 -9.567088E+000
      vertex 2.265318E+001 9.383257E+000 -4.877258E+000
    endloop
  endfacet
  facet normal 9.161057E-001 2.778977E-001 -2.890039E-001
    outer loop
      vertex 2.265318E+001 9.383257E+000 -4.877258E+000
      vertex 2.265318E+001 4.505999E+000 -9.567088E+000
      vertex 2.133883E+001 8.838835E+000 -9.567088E+000
    endloop
  endfacet
  facet normal 8.442878E-001 4.512813E-001 -2.890038E-001
    outer loop
      vertex 2.265318E+001 9.383257E+000 -4.877258E+000
      vertex 2.133883E+001 8.838835E+000 -9.567088E+000
      vertex 2.038733E+001 1.362238E+001 -4.877258E+000
    endloop
  endfacet
  facet normal 8.442879E-001 4.512812E-001 -2.890037E-001
    outer loop
      vertex 2.038733E+001 1.362238E+001 -4.877258E+000
      vertex 2.133883E+001 8.838835E+000 -9.567088E+000
      vertex 1.920444E+001 1.283200E+001 -9.567088E+000
    endloop
  endfacet
  facet normal 7.400246E-001 6.073224E-001 -2.890037E-001
    outer loop
      vertex 2.038733E+001 1.362238E+001 -4.877258E+000
      vertex 1.920444E+001 1.283200E+001 -9.567088E+000
      vertex 1.733800E+001 1.733800E+001 -4.877258E+000
    endloop
  endfacet
  facet normal 7.400242E-001 6.073227E-001 -2.890041E-001
    outer loop
      vertex 1.733800E+001 1.733800E+001 -4.877258E+000
      vertex 1.920444E+001 1.283200E+001 -9.567088E+000
      vertex 1.633204E+001 1.633204E+001 -9.567088E+000
    endloop
  endfacet
  facet normal 6.073223E-001 7.400244E-001 -2.890041E-001
    outer loop
      vertex 1.733800E+001 1.733800E+001 -4.877258E+000
      vertex 1.633204E+001 1.633204E+001 -9.567088E+000
      vertex 1.362238E+001 2.038733E+001 -4.877258E+000
    endloop
  endfacet
  facet normal 6.073225E-001 7.400244E-001 -2.890040E-001
    outer loop
      vertex 1.362238E+001 2.038733E+001 -4.877258E+000
      vertex 1.633204E+001 1.633204E+001 -9.567088E+000
      vertex 1.283200E+001 1.920444E+001 -9.567088E+000
    endloop
  endfacet
  facet normal 4.512811E-001 8.442879E-001 -2.890040E-001
    outer loop
      vertex 1.362238E+001 2.038733E+001 -4.877258E+000
      vertex 1.283200E+001 1.920444E+001 -9.567088E+000
      vertex 9.383256E+000 2.265318E+001 -4.877258E+000
    endloop
  endfacet
  facet normal 4.512812E-001 8.442879E-001 -2.890039E-001
    outer loop
      vertex 9.383256E+000 2.265318E+001 -4.877258E+000
      vertex 1.283200E+001 1.920444E+001 -9.567088E+000
      vertex 8.838834E+000 2.133883E+001 -9.567088E+000
    endloop
  endfacet
  facet normal 2.778974E-001 9.161057E-001 -2.890038E-001
    outer loop
      vertex 9.383256E+000 2.265318E+001 -4.877258E+000
      vertex 8.838834E+000 2.133883E+001 -9.567088E+000
      vertex 4.783540E+000 2.404849E+001 -4.877258E+000
    endloop
  endfacet
  facet normal 2.778977E-001 9.161057E-001 -2.890036E-001
    outer loop
      vertex 4.783540E+000 2.404849E+001 -4.877258E+000
      vertex 8.838834E+000 2.133883E+001 -9.567088E+000
      vertex 4.505997E+000 2.265318E+001 -9.567088E+000
    endloop
  endfacet
  facet normal 9.383462E-002 9.527182E-001 -2.890037E-001
    outer loop
      vertex 4.783540E+000 2.404849E+001 -4.877258E+000
      vertex 4.505997E+000 2.265318E+001 -9.567088E+000
      vertex -1.071787E-006 2.451963E+001 -4.877258E+000
    endloop
  endfacet
  facet normal 9.383453E-002 9.527181E-001 -2.890038E-001
    outer loop
      vertex -1.071787E-006 2.451963E+001 -4.877258E+000
      vertex 4.505997E+000 2.265318E+001 -9.567088E+000
      vertex -1.009601E-006 2.309699E+001 -9.567088E+000
    endloop
  endfacet
  facet normal -9.383461E-002 9.527182E-001 -2.890038E-001
    outer loop
      vertex -1.071787E-006 2.451963E+001 -4.877258E+000
      vertex -1.009601E-006 2.309699E+001 -9.567088E+000
      vertex -4.783543E+000 2.404849E+001 -4.877258E+000
    endloop
  endfacet
  facet normal -9.383453E-002 9.527182E-001 -2.890037E-001
    outer loop
      vertex -4.783543E+000 2.404849E+001 -4.877258E+000
      vertex -1.009601E-006 2.309699E+001 -9.567088E+000
      vertex -4.505999E+000 2.265318E+001 -9.567088E+000
    endloop
  endfacet
  facet normal -2.778974E-001 9.161058E-001 -2.890037E-001
    outer loop
      vertex -4.783543E+000 2.404849E+001 -4.877258E+000
      vertex -4.505999E+000 2.265318E+001 -9.567088E+000
      vertex -9.383259E+000 2.265318E+001 -4.877258E+000
    endloop
  endfacet
  facet normal -2.778977E-001 9.161056E-001 -2.890039E-001
    outer loop
      vertex -9.383259E+000 2.265318E+001 -4.877258E+000
      vertex -4.505999E+000 2.265318E+001 -9.567088E+000
      vertex -8.838836E+000 2.133883E+001 -9.567088E+000
    endloop
  endfacet
  facet normal -4.512816E-001 8.442877E-001 -2.890039E-001
    outer loop
      vertex -9.383259E+000 2.265318E+001 -4.877258E+000
      vertex -8.838836E+000 2.133883E+001 -9.567088E+000
      vertex -1.362238E+001 2.038733E+001 -4.877258E+000
    endloop
  endfacet
  facet normal -4.512813E-001 8.442879E-001 -2.890037E-001
    outer loop
      vertex -1.362238E+001 2.038733E+001 -4.877258E+000
      vertex -8.838836E+000 2.133883E+001 -9.567088E+000
      vertex -1.283200E+001 1.920444E+001 -9.567088E+000
    endloop
  endfacet
  facet normal -6.073224E-001 7.400246E-001 -2.890037E-001
    outer loop
      vertex -1.362238E+001 2.038733E+001 -4.877258E+000
      vertex -1.283200E+001 1.920444E+001 -9.567088E+000
      vertex -1.733800E+001 1.733800E+001 -4.877258E+000
    endloop
  endfacet
  facet normal -6.073228E-001 7.400241E-001 -2.890041E-001
    outer loop
      vertex -1.733800E+001 1.733800E+001 -4.877258E+000
      vertex -1.283200E+001 1.920444E+001 -9.567088E+000
      vertex -1.633204E+001 1.633204E+001 -9.567088E+000
    endloop
  endfacet
  facet normal -7.400244E-001 6.073223E-001 -2.890041E-001
    outer loop
      vertex -1.733800E+001 1.733800E+001 -4.877258E+000
      vertex -1.633204E+001 1.633204E+001 -9.567088E+000
      vertex -2.038733E+001 1.362238E+001 -4.877258E+000
    endloop
  endfacet
  facet normal -7.400244E-001 6.073225E-001 -2.890040E-001
    outer loop
      vertex -2.038733E+001 1.362238E+001 -4.877258E+000
      vertex -1.633204E+001 1.633204E+001 -9.567088E+000
      vertex -1.920444E+001 1.283200E+001 -9.567088E+000
    endloop
  endfacet
  facet normal -8.442879E-001 4.512811E-001 -2.890039E-001
    outer loop
      vertex -2.038733E+001 1.362238E+001 -4.877258E+000
      vertex -1.920444E+001 1.283200E+001 -9.567088E+000
      vertex -2.265319E+001 9.383252E+000 -4.877258E+000
    endloop
  endfacet
  facet normal -8.442879E-001 4.512813E-001 -2.890038E-001
    outer loop
      vertex -2.265319E+001 9.383252E+000 -4.877258E+000
      vertex -1.920444E+001 1.283200E+001 -9.567088E+000
      vertex -2.133883E+001 8.838831E+000 -9.567088E+000
    endloop
  endfacet
  facet normal -9.161058E-001 2.778974E-001 -2.890038E-001
    outer loop
      vertex -2.265319E+001 9.383252E+000 -4.877258E+000
      vertex -2.133883E+001 8.838831E+000 -9.567088E+000
      vertex -2.404849E+001 4.783542E+000 -4.877258E+000
    endloop
  endfacet
  facet normal -9.161058E-001 2.778976E-001 -2.890037E-001
    outer loop
      vertex -2.404849E+001 4.783542E+000 -4.877258E+000
      vertex -2.133883E+001 8.838831E+000 -9.567088E+000
      vertex -2.265318E+001 4.505998E+000 -9.567088E+000
    endloop
  endfacet
  facet normal -9.527181E-001 9.383456E-002 -2.890037E-001
    outer loop
      vertex -2.404849E+001 4.783542E+000 -4.877258E+000
      vertex -2.265318E+001 4.505998E+000 -9.567088E+000
      vertex -2.451963E+001 -2.143574E-006 -4.877258E+000
    endloop
  endfacet
  facet normal -9.527183E-001 9.383448E-002 -2.890038E-001
    outer loop
      vertex -2.451963E+001 -2.143574E-006 -4.877258E+000
      vertex -2.265318E+001 4.505998E+000 -9.567088E+000
      vertex -2.309699E+001 -2.019203E-006 -9.567088E+000
    endloop
  endfacet
  facet normal -9.527181E-001 -9.383455E-002 -2.890038E-001
    outer loop
      vertex -2.451963E+001 -2.143574E-006 -4.877258E+000
      vertex -2.309699E+001 -2.019203E-006 -9.567088E+000
      vertex -2.404849E+001 -4.783546E+000 -4.877258E+000
    endloop
  endfacet
  facet normal -9.527183E-001 -9.383447E-002 -2.890037E-001
    outer loop
      vertex -2.404849E+001 -4.783546E+000 -4.877258E+000
      vertex -2.309699E+001 -2.019203E-006 -9.567088E+000
      vertex -2.265318E+001 -4.506002E+000 -9.567088E+000
    endloop
  endfacet
  facet normal -9.161057E-001 -2.778978E-001 -2.890037E-001
    outer loop
      vertex -2.404849E+001 -4.783546E+000 -4.877258E+000
      vertex -2.265318E+001 -4.506002E+000 -9.567088E+000
      vertex -2.265318E+001 -9.383256E+000 -4.877258E+000
    endloop
  endfacet
  facet normal -9.161056E-001 -2.778980E-001 -2.890039E-001
    outer loop
      vertex -2.265318E+001 -9.383256E+000 -4.877258E+000
      vertex -2.265318E+001 -4.506002E+000 -9.567088E+000
      vertex -2.133883E+001 -8.838834E+000 -9.567088E+000
    endloop
  endfacet
  facet normal -8.442877E-001 -4.512815E-001 -2.890039E-001
    outer loop
      vertex -2.265318E+001 -9.383256E+000 -4.877258E+000
      vertex -2.133883E+001 -8.838834E+000 -9.567088E+000
      vertex -2.038733E+001 -1.362238E+001 -4.877258E+000
    endloop
  endfacet
  facet normal -8.442879E-001 -4.512813E-001 -2.890037E-001
    outer loop
      vertex -2.038733E+001 -1.362238E+001 -4.877258E+000
      vertex -2.133883E+001 -8.838834E+000 -9.567088E+000
      vertex -1.920444E+001 -1.283200E+001 -9.567088E+000
    endloop
  endfacet
  facet normal -7.400245E-001 -6.073225E-001 -2.890037E-001
    outer loop
      vertex -2.038733E+001 -1.362238E+001 -4.877258E+000
      vertex -1.920444E+001 -1.283200E+001 -9.567088E+000
      vertex -1.733799E+001 -1.733800E+001 -4.877258E+000
    endloop
  endfacet
  facet normal -7.400246E-001 -6.073224E-001 -2.890036E-001
    outer loop
      vertex -1.733799E+001 -1.733800E+001 -4.877258E+000
      vertex -1.920444E+001 -1.283200E+001 -9.567088E+000
      vertex -1.633203E+001 -1.633204E+001 -9.567088E+000
    endloop
  endfacet
  facet normal -6.073224E-001 -7.400246E-001 -2.890036E-001
    outer loop
      vertex -1.733799E+001 -1.733800E+001 -4.877258E+000
      vertex -1.633203E+001 -1.633204E+001 -9.567088E+000
      vertex -1.362237E+001 -2.038733E+001 -4.877258E+000
    endloop
  endfacet
  facet normal -6.073223E-001 -7.400247E-001 -2.890037E-001
    outer loop
      vertex -1.362237E+001 -2.038733E+001 -4.877258E+000
      vertex -1.633203E+001 -1.633204E+001 -9.567088E+000
      vertex -1.283199E+001 -1.920445E+001 -9.567088E+000
    endloop
  endfacet
  facet normal -4.512812E-001 -8.442880E-001 -2.890037E-001
    outer loop
      vertex -1.362237E+001 -2.038733E+001 -4.877258E+000
      vertex -1.283199E+001 -1.920445E+001 -9.567088E+000
      vertex -9.383249E+000 -2.265319E+001 -4.877258E+000
    endloop
  endfacet
  facet normal -4.512810E-001 -8.442880E-001 -2.890039E-001
    outer loop
      vertex -9.383249E+000 -2.265319E+001 -4.877258E+000
      vertex -1.283199E+001 -1.920445E+001 -9.567088E+000
      vertex -8.838827E+000 -2.133884E+001 -9.567088E+000
    endloop
  endfacet
  facet normal -2.778973E-001 -9.161058E-001 -2.890039E-001
    outer loop
      vertex -9.383249E+000 -2.265319E+001 -4.877258E+000
      vertex -8.838827E+000 -2.133884E+001 -9.567088E+000
      vertex -4.783544E+000 -2.404849E+001 -4.877258E+000
    endloop
  endfacet
  facet normal -2.778976E-001 -9.161058E-001 -2.890037E-001
    outer loop
      vertex -4.783544E+000 -2.404849E+001 -4.877258E+000
      vertex -8.838827E+000 -2.133884E+001 -9.567088E+000
      vertex -4.506000E+000 -2.265318E+001 -9.567088E+000
    endloop
  endfacet
  facet normal -9.383455E-002 -9.527181E-001 -2.890037E-001
    outer loop
      vertex -4.783544E+000 -2.404849E+001 -4.877258E+000
      vertex -4.506000E+000 -2.265318E+001 -9.567088E+000
      vertex 2.923937E-007 -2.451963E+001 -4.877258E+000
    endloop
  endfacet
  facet normal -9.383447E-002 -9.527181E-001 -2.890038E-001
    outer loop
      vertex 2.923937E-007 -2.451963E+001 -4.877258E+000
      vertex -4.506000E+000 -2.265318E+001 -9.567088E+000
      vertex 2.754288E-007 -2.309699E+001 -9.567088E+000
    endloop
  endfacet
  facet normal 9.383455E-002 -9.527181E-001 -2.890038E-001
    outer loop
      vertex 2.923937E-007 -2.451963E+001 -4.877258E+000
      vertex 2.754288E-007 -2.309699E+001 -9.567088E+000
      vertex 4.783545E+000 -2.404849E+001 -4.877258E+000
    endloop
  endfacet
  facet normal 9.383448E-002 -9.527183E-001 -2.890037E-001
    outer loop
      vertex 4.783545E+000 -2.404849E+001 -4.877258E+000
      vertex 2.754288E-007 -2.309699E+001 -9.567088E+000
      vertex 4.506001E+000 -2.265318E+001 -9.567088E+000
    endloop
  endfacet
  facet normal 2.778978E-001 -9.161057E-001 -2.890037E-001
    outer loop
      vertex 4.783545E+000 -2.404849E+001 -4.877258E+000
      vertex 4.506001E+000 -2.265318E+001 -9.567088E+000
      vertex 9.383261E+000 -2.265318E+001 -4.877258E+000
    endloop
  endfacet
  facet normal 2.778980E-001 -9.161056E-001 -2.890039E-001
    outer loop
      vertex 9.383261E+000 -2.265318E+001 -4.877258E+000
      vertex 4.506001E+000 -2.265318E+001 -9.567088E+000
      vertex 8.838839E+000 -2.133883E+001 -9.567088E+000
    endloop
  endfacet
  facet normal 4.512816E-001 -8.442876E-001 -2.890038E-001
    outer loop
      vertex 9.383261E+000 -2.265318E+001 -4.877258E+000
      vertex 8.838839E+000 -2.133883E+001 -9.567088E+000
      vertex 1.362238E+001 -2.038732E+001 -4.877258E+000
    endloop
  endfacet
  facet normal 4.512815E-001 -8.442878E-001 -2.890037E-001
    outer loop
      vertex 1.362238E+001 -2.038732E+001 -4.877258E+000
      vertex 8.838839E+000 -2.133883E+001 -9.567088E+000
      vertex 1.283200E+001 -1.920444E+001 -9.567088E+000
    endloop
  endfacet
  facet normal 6.073224E-001 -7.400246E-001 -2.890037E-001
    outer loop
      vertex 1.362238E+001 -2.038732E+001 -4.877258E+000
      vertex 1.283200E+001 -1.920444E+001 -9.567088E+000
      vertex 1.733800E+001 -1.733799E+001 -4.877258E+000
    endloop
  endfacet
  facet normal 6.073228E-001 -7.400241E-001 -2.890041E-001
    outer loop
      vertex 1.733800E+001 -1.733799E+001 -4.877258E+000
      vertex 1.283200E+001 -1.920444E+001 -9.567088E+000
      vertex 1.633204E+001 -1.633203E+001 -9.567088E+000
    endloop
  endfacet
  facet normal 7.400246E-001 -6.073222E-001 -2.890041E-001
    outer loop
      vertex 1.733800E+001 -1.733799E+001 -4.877258E+000
      vertex 1.633204E+001 -1.633203E+001 -9.567088E+000
      vertex 2.038733E+001 -1.362238E+001 -4.877258E+000
    endloop
  endfacet
  facet normal 7.400243E-001 -6.073227E-001 -2.890036E-001
    outer loop
      vertex 2.038733E+001 -1.362238E+001 -4.877258E+000
      vertex 1.633204E+001 -1.633203E+001 -9.567088E+000
      vertex 1.920444E+001 -1.283200E+001 -9.567088E+000
    endloop
  endfacet
  facet normal 8.442880E-001 -4.512812E-001 -2.890037E-001
    outer loop
      vertex 2.038733E+001 -1.362238E+001 -4.877258E+000
      vertex 1.920444E+001 -1.283200E+001 -9.567088E+000
      vertex 2.265318E+001 -9.383256E+000 -4.877258E+000
    endloop
  endfacet
  facet normal 8.442879E-001 -4.512814E-001 -2.890036E-001
    outer loop
      vertex 2.265318E+001 -9.383256E+000 -4.877258E+000
      vertex 1.920444E+001 -1.283200E+001 -9.567088E+000
      vertex 2.133883E+001 -8.838834E+000 -9.567088E+000
    endloop
  endfacet
  facet normal 9.161059E-001 -2.778975E-001 -2.890036E-001
    outer loop
      vertex 2.265318E+001 -9.383256E+000 -4.877258E+000
      vertex 2.133883E+001 -8.838834E+000 -9.567088E+000
      vertex 2.404849E+001 -4.783540E+000 -4.877258E+000
    endloop
  endfacet
  facet normal 9.161059E-001 -2.778973E-001 -2.890037E-001
    outer loop
      vertex 2.404849E+001 -4.783540E+000 -4.877258E+000
      vertex 2.133883E+001 -8.838834E+000 -9.567088E+000
      vertex 2.265318E+001 -4.505997E+000 -9.567088E+000
    endloop
  endfacet
  facet normal 9.527182E-001 -9.383463E-002 -2.890037E-001
    outer loop
      vertex 2.404849E+001 -4.783540E+000 -4.877258E+000
      vertex 2.265318E+001 -4.505997E+000 -9.567088E+000
      vertex 2.451963E+001 0.000000E+000 -4.877258E+000
    endloop
  endfacet
  facet normal 9.527182E-001 -9.383455E-002 -2.890038E-001
    outer loop
      vertex 2.451963E+001 0.000000E+000 -4.877258E+000
      vertex 2.265318E+001 -4.505997E+000 -9.567088E+000
      vertex 2.309699E+001 0.000000E+000 -9.567088E+000
    endloop
  endfacet
  facet normal 8.786131E-001 8.653580E-002 -4.696282E-001
    outer loop
      vertex 2.309699E+001 0.000000E+000 -9.567088E+000
      vertex 2.078674E+001 0.000000E+000 -1.388926E+001
      vertex 2.265318E+001 4.505999E+000 -9.567088E+000
    endloop
  endfacet
  facet normal 8.786130E-001 8.653601E-002 -4.696284E-001
    outer loop
      vertex 2.265318E+001 4.505999E+000 -9.567088E+000
      vertex 2.078674E+001 0.000000E+000 -1.388926E+001
      vertex 2.038733E+001 4.055292E+000 -1.388926E+001
    endloop
  endfacet
  facet normal 8.448484E-001 2.562820E-001 -4.696283E-001
    outer loop
      vertex 2.265318E+001 4.505999E+000 -9.567088E+000
      vertex 2.038733E+001 4.055292E+000 -1.388926E+001
      vertex 2.133883E+001 8.838835E+000 -9.567088E+000
    endloop
  endfacet
  facet normal 8.448486E-001 2.562818E-001 -4.696281E-001
    outer loop
      vertex 2.133883E+001 8.838835E+000 -9.567088E+000
      vertex 2.038733E+001 4.055292E+000 -1.388926E+001
      vertex 1.920444E+001 7.954741E+000 -1.388926E+001
    endloop
  endfacet
  facet normal 7.786168E-001 4.161793E-001 -4.696282E-001
    outer loop
      vertex 2.133883E+001 8.838835E+000 -9.567088E+000
      vertex 1.920444E+001 7.954741E+000 -1.388926E+001
      vertex 1.920444E+001 1.283200E+001 -9.567088E+000
    endloop
  endfacet
  facet normal 7.786168E-001 4.161792E-001 -4.696282E-001
    outer loop
      vertex 1.920444E+001 1.283200E+001 -9.567088E+000
      vertex 1.920444E+001 7.954741E+000 -1.388926E+001
      vertex 1.728354E+001 1.154849E+001 -1.388926E+001
    endloop
  endfacet
  facet normal 6.824631E-001 5.600834E-001 -4.696282E-001
    outer loop
      vertex 1.920444E+001 1.283200E+001 -9.567088E+000
      vertex 1.728354E+001 1.154849E+001 -1.388926E+001
      vertex 1.633204E+001 1.633204E+001 -9.567088E+000
    endloop
  endfacet
  facet normal 6.824632E-001 5.600833E-001 -4.696280E-001
    outer loop
      vertex 1.633204E+001 1.633204E+001 -9.567088E+000
      vertex 1.728354E+001 1.154849E+001 -1.388926E+001
      vertex 1.469844E+001 1.469844E+001 -1.388926E+001
    endloop
  endfacet
  facet normal 5.600833E-001 6.824633E-001 -4.696280E-001
    outer loop
      vertex 1.633204E+001 1.633204E+001 -9.567088E+000
      vertex 1.469844E+001 1.469844E+001 -1.388926E+001
      vertex 1.283200E+001 1.920444E+001 -9.567088E+000
    endloop
  endfacet
  facet normal 5.600832E-001 6.824634E-001 -4.696282E-001
    outer loop
      vertex 1.283200E+001 1.920444E+001 -9.567088E+000
      vertex 1.469844E+001 1.469844E+001 -1.388926E+001
      vertex 1.154849E+001 1.728354E+001 -1.388926E+001
    endloop
  endfacet
  facet normal 4.161793E-001 7.786168E-001 -4.696282E-001
    outer loop
      vertex 1.283200E+001 1.920444E+001 -9.567088E+000
      vertex 1.154849E+001 1.728354E+001 -1.388926E+001
      vertex 8.838834E+000 2.133883E+001 -9.567088E+000
    endloop
  endfacet
  facet normal 4.161793E-001 7.786168E-001 -4.696282E-001
    outer loop
      vertex 8.838834E+000 2.133883E+001 -9.567088E+000
      vertex 1.154849E+001 1.728354E+001 -1.388926E+001
      vertex 7.954741E+000 1.920444E+001 -1.388926E+001
    endloop
  endfacet
  facet normal 2.562820E-001 8.448485E-001 -4.696282E-001
    outer loop
      vertex 8.838834E+000 2.133883E+001 -9.567088E+000
      vertex 7.954741E+000 1.920444E+001 -1.388926E+001
      vertex 4.505997E+000 2.265318E+001 -9.567088E+000
    endloop
  endfacet
  facet normal 2.562821E-001 8.448485E-001 -4.696281E-001
    outer loop
      vertex 4.505997E+000 2.265318E+001 -9.567088E+000
      vertex 7.954741E+000 1.920444E+001 -1.388926E+001
      vertex 4.055290E+000 2.038733E+001 -1.388926E+001
    endloop
  endfacet
  facet normal 8.653582E-002 8.786131E-001 -4.696281E-001
    outer loop
      vertex 4.505997E+000 2.265318E+001 -9.567088E+000
      vertex 4.055290E+000 2.038733E+001 -1.388926E+001
      vertex -1.009601E-006 2.309699E+001 -9.567088E+000
    endloop
  endfacet
  facet normal 8.653561E-002 8.786131E-001 -4.696282E-001
    outer loop
      vertex -1.009601E-006 2.309699E+001 -9.567088E+000
      vertex 4.055290E+000 2.038733E+001 -1.388926E+001
      vertex -9.086172E-007 2.078674E+001 -1.388926E+001
    endloop
  endfacet
  facet normal -8.653581E-002 8.786131E-001 -4.696282E-001
    outer loop
      vertex -1.009601E-006 2.309699E+001 -9.567088E+000
      vertex -9.086172E-007 2.078674E+001 -1.388926E+001
      vertex -4.505999E+000 2.265318E+001 -9.567088E+000
    endloop
  endfacet
  facet normal -8.653603E-002 8.786129E-001 -4.696284E-001
    outer loop
      vertex -4.505999E+000 2.265318E+001 -9.567088E+000
      vertex -9.086172E-007 2.078674E+001 -1.388926E+001
      vertex -4.055292E+000 2.038733E+001 -1.388926E+001
    endloop
  endfacet
  facet normal -2.562820E-001 8.448484E-001 -4.696284E-001
    outer loop
      vertex -4.505999E+000 2.265318E+001 -9.567088E+000
      vertex -4.055292E+000 2.038733E+001 -1.388926E+001
      vertex -8.838836E+000 2.133883E+001 -9.567088E+000
    endloop
  endfacet
  facet normal -2.562818E-001 8.448486E-001 -4.696281E-001
    outer loop
      vertex -8.838836E+000 2.133883E+001 -9.567088E+000
      vertex -4.055292E+000 2.038733E+001 -1.388926E+001
      vertex -7.954742E+000 1.920444E+001 -1.388926E+001
    endloop
  endfacet
  facet normal -4.161794E-001 7.786168E-001 -4.696281E-001
    outer loop
      vertex -8.838836E+000 2.133883E+001 -9.567088E+000
      vertex -7.954742E+000 1.920444E+001 -1.388926E+001
      vertex -1.283200E+001 1.920444E+001 -9.567088E+000
    endloop
  endfacet
  facet normal -4.161795E-001 7.786167E-001 -4.696283E-001
    outer loop
      vertex -1.283200E+001 1.920444E+001 -9.567088E+000
      vertex -7.954742E+000 1.920444E+001 -1.388926E+001
      vertex -1.154850E+001 1.728354E+001 -1.388926E+001
    endloop
  endfacet
  facet normal -5.600834E-001 6.824630E-001 -4.696282E-001
    outer loop
      vertex -1.283200E+001 1.920444E+001 -9.567088E+000
      vertex -1.154850E+001 1.728354E+001 -1.388926E+001
      vertex -1.633204E+001 1.633204E+001 -9.567088E+000
    endloop
  endfacet
  facet normal -5.600833E-001 6.824633E-001 -4.696280E-001
    outer loop
      vertex -1.633204E+001 1.633204E+001 -9.567088E+000
      vertex -1.154850E+001 1.728354E+001 -1.388926E+001
      vertex -1.469844E+001 1.469844E+001 -1.388926E+001
    endloop
  endfacet
  facet normal -6.824633E-001 5.600833E-001 -4.696280E-001
    outer loop
      vertex -1.633204E+001 1.633204E+001 -9.567088E+000
      vertex -1.469844E+001 1.469844E+001 -1.388926E+001
      vertex -1.920444E+001 1.283200E+001 -9.567088E+000
    endloop
  endfacet
  facet normal -6.824634E-001 5.600832E-001 -4.696282E-001
    outer loop
      vertex -1.920444E+001 1.283200E+001 -9.567088E+000
      vertex -1.469844E+001 1.469844E+001 -1.388926E+001
      vertex -1.728354E+001 1.154849E+001 -1.388926E+001
    endloop
  endfacet
  facet normal -7.786168E-001 4.161794E-001 -4.696282E-001
    outer loop
      vertex -1.920444E+001 1.283200E+001 -9.567088E+000
      vertex -1.728354E+001 1.154849E+001 -1.388926E+001
      vertex -2.133883E+001 8.838831E+000 -9.567088E+000
    endloop
  endfacet
  facet normal -7.786168E-001 4.161794E-001 -4.696282E-001
    outer loop
      vertex -2.133883E+001 8.838831E+000 -9.567088E+000
      vertex -1.728354E+001 1.154849E+001 -1.388926E+001
      vertex -1.920444E+001 7.954738E+000 -1.388926E+001
    endloop
  endfacet
  facet normal -8.448485E-001 2.562819E-001 -4.696281E-001
    outer loop
      vertex -2.133883E+001 8.838831E+000 -9.567088E+000
      vertex -1.920444E+001 7.954738E+000 -1.388926E+001
      vertex -2.265318E+001 4.505998E+000 -9.567088E+000
    endloop
  endfacet
  facet normal -8.448485E-001 2.562820E-001 -4.696280E-001
    outer loop
      vertex -2.265318E+001 4.505998E+000 -9.567088E+000
      vertex -1.920444E+001 7.954738E+000 -1.388926E+001
      vertex -2.038733E+001 4.055291E+000 -1.388926E+001
    endloop
  endfacet
  facet normal -8.786131E-001 8.653577E-002 -4.696281E-001
    outer loop
      vertex -2.265318E+001 4.505998E+000 -9.567088E+000
      vertex -2.038733E+001 4.055291E+000 -1.388926E+001
      vertex -2.309699E+001 -2.019203E-006 -9.567088E+000
    endloop
  endfacet
  facet normal -8.786131E-001 8.653555E-002 -4.696282E-001
    outer loop
      vertex -2.309699E+001 -2.019203E-006 -9.567088E+000
      vertex -2.038733E+001 4.055291E+000 -1.388926E+001
      vertex -2.078674E+001 -1.817234E-006 -1.388926E+001
    endloop
  endfacet
  facet normal -8.786131E-001 -8.653575E-002 -4.696282E-001
    outer loop
      vertex -2.309699E+001 -2.019203E-006 -9.567088E+000
      vertex -2.078674E+001 -1.817234E-006 -1.388926E+001
      vertex -2.265318E+001 -4.506002E+000 -9.567088E+000
    endloop
  endfacet
  facet normal -8.786130E-001 -8.653598E-002 -4.696284E-001
    outer loop
      vertex -2.265318E+001 -4.506002E+000 -9.567088E+000
      vertex -2.078674E+001 -1.817234E-006 -1.388926E+001
      vertex -2.038733E+001 -4.055295E+000 -1.388926E+001
    endloop
  endfacet
  facet normal -8.448483E-001 -2.562823E-001 -4.696284E-001
    outer loop
      vertex -2.265318E+001 -4.506002E+000 -9.567088E+000
      vertex -2.038733E+001 -4.055295E+000 -1.388926E+001
      vertex -2.133883E+001 -8.838834E+000 -9.567088E+000
    endloop
  endfacet
  facet normal -8.448484E-001 -2.562821E-001 -4.696282E-001
    outer loop
      vertex -2.133883E+001 -8.838834E+000 -9.567088E+000
      vertex -2.038733E+001 -4.055295E+000 -1.388926E+001
      vertex -1.920444E+001 -7.954741E+000 -1.388926E+001
    endloop
  endfacet
  facet normal -7.786168E-001 -4.161794E-001 -4.696281E-001
    outer loop
      vertex -2.133883E+001 -8.838834E+000 -9.567088E+000
      vertex -1.920444E+001 -7.954741E+000 -1.388926E+001
      vertex -1.920444E+001 -1.283200E+001 -9.567088E+000
    endloop
  endfacet
  facet normal -7.786167E-001 -4.161794E-001 -4.696282E-001
    outer loop
      vertex -1.920444E+001 -1.283200E+001 -9.567088E+000
      vertex -1.920444E+001 -7.954741E+000 -1.388926E+001
      vertex -1.728354E+001 -1.154850E+001 -1.388926E+001
    endloop
  endfacet
  facet normal -6.824633E-001 -5.600832E-001 -4.696282E-001
    outer loop
      vertex -1.920444E+001 -1.283200E+001 -9.567088E+000
      vertex -1.728354E+001 -1.154850E+001 -1.388926E+001
      vertex -1.633203E+001 -1.633204E+001 -9.567088E+000
    endloop
  endfacet
  facet normal -6.824632E-001 -5.600833E-001 -4.696283E-001
    outer loop
      vertex -1.633203E+001 -1.633204E+001 -9.567088E+000
      vertex -1.728354E+001 -1.154850E+001 -1.388926E+001
      vertex -1.469844E+001 -1.469845E+001 -1.388926E+001
    endloop
  endfacet
  facet normal -5.600830E-001 -6.824633E-001 -4.696283E-001
    outer loop
      vertex -1.633203E+001 -1.633204E+001 -9.567088E+000
      vertex -1.469844E+001 -1.469845E+001 -1.388926E+001
      vertex -1.283199E+001 -1.920445E+001 -9.567088E+000
    endloop
  endfacet
  facet normal -5.600830E-001 -6.824633E-001 -4.696284E-001
    outer loop
      vertex -1.283199E+001 -1.920445E+001 -9.567088E+000
      vertex -1.469844E+001 -1.469845E+001 -1.388926E+001
      vertex -1.154849E+001 -1.728354E+001 -1.388926E+001
    endloop
  endfacet
  facet normal -4.161790E-001 -7.786168E-001 -4.696284E-001
    outer loop
      vertex -1.283199E+001 -1.920445E+001 -9.567088E+000
      vertex -1.154849E+001 -1.728354E+001 -1.388926E+001
      vertex -8.838827E+000 -2.133884E+001 -9.567088E+000
    endloop
  endfacet
  facet normal -4.161794E-001 -7.786168E-001 -4.696281E-001
    outer loop
      vertex -8.838827E+000 -2.133884E+001 -9.567088E+000
      vertex -1.154849E+001 -1.728354E+001 -1.388926E+001
      vertex -7.954734E+000 -1.920445E+001 -1.388926E+001
    endloop
  endfacet
  facet normal -2.562819E-001 -8.448485E-001 -4.696281E-001
    outer loop
      vertex -8.838827E+000 -2.133884E+001 -9.567088E+000
      vertex -7.954734E+000 -1.920445E+001 -1.388926E+001
      vertex -4.506000E+000 -2.265318E+001 -9.567088E+000
    endloop
  endfacet
  facet normal -2.562815E-001 -8.448485E-001 -4.696284E-001
    outer loop
      vertex -4.506000E+000 -2.265318E+001 -9.567088E+000
      vertex -7.954734E+000 -1.920445E+001 -1.388926E+001
      vertex -4.055293E+000 -2.038733E+001 -1.388926E+001
    endloop
  endfacet
  facet normal -8.653574E-002 -8.786130E-001 -4.696284E-001
    outer loop
      vertex -4.506000E+000 -2.265318E+001 -9.567088E+000
      vertex -4.055293E+000 -2.038733E+001 -1.388926E+001
      vertex 2.754288E-007 -2.309699E+001 -9.567088E+000
    endloop
  endfacet
  facet normal -8.653597E-002 -8.786131E-001 -4.696282E-001
    outer loop
      vertex 2.754288E-007 -2.309699E+001 -9.567088E+000
      vertex -4.055293E+000 -2.038733E+001 -1.388926E+001
      vertex 2.478794E-007 -2.078674E+001 -1.388926E+001
    endloop
  endfacet
  facet normal 8.653576E-002 -8.786131E-001 -4.696282E-001
    outer loop
      vertex 2.754288E-007 -2.309699E+001 -9.567088E+000
      vertex 2.478794E-007 -2.078674E+001 -1.388926E+001
      vertex 4.506001E+000 -2.265318E+001 -9.567088E+000
    endloop
  endfacet
  facet normal 8.653598E-002 -8.786130E-001 -4.696284E-001
    outer loop
      vertex 4.506001E+000 -2.265318E+001 -9.567088E+000
      vertex 2.478794E-007 -2.078674E+001 -1.388926E+001
      vertex 4.055294E+000 -2.038733E+001 -1.388926E+001
    endloop
  endfacet
  facet normal 2.562823E-001 -8.448483E-001 -4.696283E-001
    outer loop
      vertex 4.506001E+000 -2.265318E+001 -9.567088E+000
      vertex 4.055294E+000 -2.038733E+001 -1.388926E+001
      vertex 8.838839E+000 -2.133883E+001 -9.567088E+000
    endloop
  endfacet
  facet normal 2.562821E-001 -8.448485E-001 -4.696282E-001
    outer loop
      vertex 8.838839E+000 -2.133883E+001 -9.567088E+000
      vertex 4.055294E+000 -2.038733E+001 -1.388926E+001
      vertex 7.954744E+000 -1.920444E+001 -1.388926E+001
    endloop
  endfacet
  facet normal 4.161795E-001 -7.786167E-001 -4.696283E-001
    outer loop
      vertex 8.838839E+000 -2.133883E+001 -9.567088E+000
      vertex 7.954744E+000 -1.920444E+001 -1.388926E+001
      vertex 1.283200E+001 -1.920444E+001 -9.567088E+000
    endloop
  endfacet
  facet normal 4.161796E-001 -7.786167E-001 -4.696283E-001
    outer loop
      vertex 1.283200E+001 -1.920444E+001 -9.567088E+000
      vertex 7.954744E+000 -1.920444E+001 -1.388926E+001
      vertex 1.154850E+001 -1.728354E+001 -1.388926E+001
    endloop
  endfacet
  facet normal 5.600835E-001 -6.824630E-001 -4.696282E-001
    outer loop
      vertex 1.283200E+001 -1.920444E+001 -9.567088E+000
      vertex 1.154850E+001 -1.728354E+001 -1.388926E+001
      vertex 1.633204E+001 -1.633203E+001 -9.567088E+000
    endloop
  endfacet
  facet normal 5.600833E-001 -6.824633E-001 -4.696280E-001
    outer loop
      vertex 1.633204E+001 -1.633203E+001 -9.567088E+000
      vertex 1.154850E+001 -1.728354E+001 -1.388926E+001
      vertex 1.469845E+001 -1.469844E+001 -1.388926E+001
    endloop
  endfacet
  facet normal 6.824631E-001 -5.600834E-001 -4.696280E-001
    outer loop
      vertex 1.633204E+001 -1.633203E+001 -9.567088E+000
      vertex 1.469845E+001 -1.469844E+001 -1.388926E+001
      vertex 1.920444E+001 -1.283200E+001 -9.567088E+000
    endloop
  endfacet
  facet normal 6.824632E-001 -5.600833E-001 -4.696282E-001
    outer loop
      vertex 1.920444E+001 -1.283200E+001 -9.567088E+000
      vertex 1.469845E+001 -1.469844E+001 -1.388926E+001
      vertex 1.728354E+001 -1.154850E+001 -1.388926E+001
    endloop
  endfacet
  facet normal 7.786168E-001 -4.161794E-001 -4.696282E-001
    outer loop
      vertex 1.920444E+001 -1.283200E+001 -9.567088E+000
      vertex 1.728354E+001 -1.154850E+001 -1.388926E+001
      vertex 2.133883E+001 -8.838834E+000 -9.567088E+000
    endloop
  endfacet
  facet normal 7.786168E-001 -4.161790E-001 -4.696285E-001
    outer loop
      vertex 2.133883E+001 -8.838834E+000 -9.567088E+000
      vertex 1.728354E+001 -1.154850E+001 -1.388926E+001
      vertex 1.920444E+001 -7.954741E+000 -1.388926E+001
    endloop
  endfacet
  facet normal 8.448485E-001 -2.562816E-001 -4.696284E-001
    outer loop
      vertex 2.133883E+001 -8.838834E+000 -9.567088E+000
      vertex 1.920444E+001 -7.954741E+000 -1.388926E+001
      vertex 2.265318E+001 -4.505997E+000 -9.567088E+000
    endloop
  endfacet
  facet normal 8.448485E-001 -2.562821E-001 -4.696281E-001
    outer loop
      vertex 2.265318E+001 -4.505997E+000 -9.567088E+000
      vertex 1.920444E+001 -7.954741E+000 -1.388926E+001
      vertex 2.038733E+001 -4.055290E+000 -1.388926E+001
    endloop
  endfacet
  facet normal 8.786131E-001 -8.653583E-002 -4.696281E-001
    outer loop
      vertex 2.265318E+001 -4.505997E+000 -9.567088E+000
      vertex 2.038733E+001 -4.055290E+000 -1.388926E+001
      vertex 2.309699E+001 0.000000E+000 -9.567088E+000
    endloop
  endfacet
  facet normal 8.786131E-001 -8.653563E-002 -4.696282E-001
    outer loop
      vertex 2.309699E+001 0.000000E+000 -9.567088E+000
      vertex 2.038733E+001 -4.055290E+000 -1.388926E+001
      vertex 2.078674E+001 0.000000E+000 -1.388926E+001
    endloop
  endfacet
  facet normal 7.707796E-001 7.591531E-002 -6.325628E-001
    outer loop
      vertex 2.078674E+001 0.000000E+000 -1.388926E+001
      vertex 1.767767E+001 0.000000E+000 -1.767767E+001
      vertex 2.038733E+001 4.055292E+000 -1.388926E+001
    endloop
  endfacet
  facet normal 7.707796E-001 7.591526E-002 -6.325628E-001
    outer loop
      vertex 2.038733E+001 4.055292E+000 -1.388926E+001
      vertex 1.767767E+001 0.000000E+000 -1.767767E+001
      vertex 1.733800E+001 3.448742E+000 -1.767767E+001
    endloop
  endfacet
  facet normal 7.411590E-001 2.248279E-001 -6.325628E-001
    outer loop
      vertex 2.038733E+001 4.055292E+000 -1.388926E+001
      vertex 1.733800E+001 3.448742E+000 -1.767767E+001
      vertex 1.920444E+001 7.954741E+000 -1.388926E+001
    endloop
  endfacet
  facet normal 7.411589E-001 2.248279E-001 -6.325628E-001
    outer loop
      vertex 1.920444E+001 7.954741E+000 -1.388926E+001
      vertex 1.733800E+001 3.448742E+000 -1.767767E+001
      vertex 1.633204E+001 6.764952E+000 -1.767767E+001
    endloop
  endfacet
  facet normal 6.830561E-001 3.651010E-001 -6.325629E-001
    outer loop
      vertex 1.920444E+001 7.954741E+000 -1.388926E+001
      vertex 1.633204E+001 6.764952E+000 -1.767767E+001
      vertex 1.728354E+001 1.154849E+001 -1.388926E+001
    endloop
  endfacet
  facet normal 6.830557E-001 3.651011E-001 -6.325631E-001
    outer loop
      vertex 1.728354E+001 1.154849E+001 -1.388926E+001
      vertex 1.633204E+001 6.764952E+000 -1.767767E+001
      vertex 1.469844E+001 9.821187E+000 -1.767767E+001
    endloop
  endfacet
  facet normal 5.987034E-001 4.913433E-001 -6.325629E-001
    outer loop
      vertex 1.728354E+001 1.154849E+001 -1.388926E+001
      vertex 1.469844E+001 9.821187E+000 -1.767767E+001
      vertex 1.469844E+001 1.469844E+001 -1.388926E+001
    endloop
  endfacet
  facet normal 5.987036E-001 4.913433E-001 -6.325629E-001
    outer loop
      vertex 1.469844E+001 1.469844E+001 -1.388926E+001
      vertex 1.469844E+001 9.821187E+000 -1.767767E+001
      vertex 1.250000E+001 1.250000E+001 -1.767767E+001
    endloop
  endfacet
  facet normal 4.913433E-001 5.987037E-001 -6.325629E-001
    outer loop
      vertex 1.469844E+001 1.469844E+001 -1.388926E+001
      vertex 1.250000E+001 1.250000E+001 -1.767767E+001
      vertex 1.154849E+001 1.728354E+001 -1.388926E+001
    endloop
  endfacet
  facet normal 4.913432E-001 5.987036E-001 -6.325628E-001
    outer loop
      vertex 1.154849E+001 1.728354E+001 -1.388926E+001
      vertex 1.250000E+001 1.250000E+001 -1.767767E+001
      vertex 9.821186E+000 1.469845E+001 -1.767767E+001
    endloop
  endfacet
  facet normal 3.651010E-001 6.830560E-001 -6.325629E-001
    outer loop
      vertex 1.154849E+001 1.728354E+001 -1.388926E+001
      vertex 9.821186E+000 1.469845E+001 -1.767767E+001
      vertex 7.954741E+000 1.920444E+001 -1.388926E+001
    endloop
  endfacet
  facet normal 3.651011E-001 6.830561E-001 -6.325629E-001
    outer loop
      vertex 7.954741E+000 1.920444E+001 -1.388926E+001
      vertex 9.821186E+000 1.469845E+001 -1.767767E+001
      vertex 6.764951E+000 1.633204E+001 -1.767767E+001
    endloop
  endfacet
  facet normal 2.248282E-001 7.411589E-001 -6.325628E-001
    outer loop
      vertex 7.954741E+000 1.920444E+001 -1.388926E+001
      vertex 6.764951E+000 1.633204E+001 -1.767767E+001
      vertex 4.055290E+000 2.038733E+001 -1.388926E+001
    endloop
  endfacet
  facet normal 2.248283E-001 7.411589E-001 -6.325628E-001
    outer loop
      vertex 4.055290E+000 2.038733E+001 -1.388926E+001
      vertex 6.764951E+000 1.633204E+001 -1.767767E+001
      vertex 3.448741E+000 1.733800E+001 -1.767767E+001
    endloop
  endfacet
  facet normal 7.591496E-002 7.707796E-001 -6.325628E-001
    outer loop
      vertex 4.055290E+000 2.038733E+001 -1.388926E+001
      vertex 3.448741E+000 1.733800E+001 -1.767767E+001
      vertex -9.086172E-007 2.078674E+001 -1.388926E+001
    endloop
  endfacet
  facet normal 7.591488E-002 7.707796E-001 -6.325629E-001
    outer loop
      vertex -9.086172E-007 2.078674E+001 -1.388926E+001
      vertex 3.448741E+000 1.733800E+001 -1.767767E+001
      vertex -7.727155E-007 1.767767E+001 -1.767767E+001
    endloop
  endfacet
  facet normal -7.591533E-002 7.707796E-001 -6.325629E-001
    outer loop
      vertex -9.086172E-007 2.078674E+001 -1.388926E+001
      vertex -7.727155E-007 1.767767E+001 -1.767767E+001
      vertex -4.055292E+000 2.038733E+001 -1.388926E+001
    endloop
  endfacet
  facet normal -7.591528E-002 7.707796E-001 -6.325628E-001
    outer loop
      vertex -4.055292E+000 2.038733E+001 -1.388926E+001
      vertex -7.727155E-007 1.767767E+001 -1.767767E+001
      vertex -3.448742E+000 1.733800E+001 -1.767767E+001
    endloop
  endfacet
  facet normal -2.248279E-001 7.411590E-001 -6.325628E-001
    outer loop
      vertex -4.055292E+000 2.038733E+001 -1.388926E+001
      vertex -3.448742E+000 1.733800E+001 -1.767767E+001
      vertex -7.954742E+000 1.920444E+001 -1.388926E+001
    endloop
  endfacet
  facet normal -2.248279E-001 7.411590E-001 -6.325629E-001
    outer loop
      vertex -7.954742E+000 1.920444E+001 -1.388926E+001
      vertex -3.448742E+000 1.733800E+001 -1.767767E+001
      vertex -6.764953E+000 1.633204E+001 -1.767767E+001
    endloop
  endfacet
  facet normal -3.651012E-001 6.830559E-001 -6.325629E-001
    outer loop
      vertex -7.954742E+000 1.920444E+001 -1.388926E+001
      vertex -6.764953E+000 1.633204E+001 -1.767767E+001
      vertex -1.154850E+001 1.728354E+001 -1.388926E+001
    endloop
  endfacet
  facet normal -3.651012E-001 6.830558E-001 -6.325629E-001
    outer loop
      vertex -1.154850E+001 1.728354E+001 -1.388926E+001
      vertex -6.764953E+000 1.633204E+001 -1.767767E+001
      vertex -9.821189E+000 1.469844E+001 -1.767767E+001
    endloop
  endfacet
  facet normal -4.913434E-001 5.987034E-001 -6.325629E-001
    outer loop
      vertex -1.154850E+001 1.728354E+001 -1.388926E+001
      vertex -9.821189E+000 1.469844E+001 -1.767767E+001
      vertex -1.469844E+001 1.469844E+001 -1.388926E+001
    endloop
  endfacet
  facet normal -4.913433E-001 5.987036E-001 -6.325629E-001
    outer loop
      vertex -1.469844E+001 1.469844E+001 -1.388926E+001
      vertex -9.821189E+000 1.469844E+001 -1.767767E+001
      vertex -1.250000E+001 1.250000E+001 -1.767767E+001
    endloop
  endfacet
  facet normal -5.987037E-001 4.913433E-001 -6.325629E-001
    outer loop
      vertex -1.469844E+001 1.469844E+001 -1.388926E+001
      vertex -1.250000E+001 1.250000E+001 -1.767767E+001
      vertex -1.728354E+001 1.154849E+001 -1.388926E+001
    endloop
  endfacet
  facet normal -5.987036E-001 4.913432E-001 -6.325628E-001
    outer loop
      vertex -1.728354E+001 1.154849E+001 -1.388926E+001
      vertex -1.250000E+001 1.250000E+001 -1.767767E+001
      vertex -1.469845E+001 9.821186E+000 -1.767767E+001
    endloop
  endfacet
  facet normal -6.830559E-001 3.651011E-001 -6.325628E-001
    outer loop
      vertex -1.728354E+001 1.154849E+001 -1.388926E+001
      vertex -1.469845E+001 9.821186E+000 -1.767767E+001
      vertex -1.920444E+001 7.954738E+000 -1.388926E+001
    endloop
  endfacet
  facet normal -6.830561E-001 3.651011E-001 -6.325629E-001
    outer loop
      vertex -1.920444E+001 7.954738E+000 -1.388926E+001
      vertex -1.469845E+001 9.821186E+000 -1.767767E+001
      vertex -1.633204E+001 6.764948E+000 -1.767767E+001
    endloop
  endfacet
  facet normal -7.411590E-001 2.248281E-001 -6.325628E-001
    outer loop
      vertex -1.920444E+001 7.954738E+000 -1.388926E+001
      vertex -1.633204E+001 6.764948E+000 -1.767767E+001
      vertex -2.038733E+001 4.055291E+000 -1.388926E+001
    endloop
  endfacet
  facet normal -7.411590E-001 2.248282E-001 -6.325628E-001
    outer loop
      vertex -2.038733E+001 4.055291E+000 -1.388926E+001
      vertex -1.633204E+001 6.764948E+000 -1.767767E+001
      vertex -1.733800E+001 3.448742E+000 -1.767767E+001
    endloop
  endfacet
  facet normal -7.707796E-001 7.591493E-002 -6.325628E-001
    outer loop
      vertex -2.038733E+001 4.055291E+000 -1.388926E+001
      vertex -1.733800E+001 3.448742E+000 -1.767767E+001
      vertex -2.078674E+001 -1.817234E-006 -1.388926E+001
    endloop
  endfacet
  facet normal -7.707796E-001 7.591484E-002 -6.325628E-001
    outer loop
      vertex -2.078674E+001 -1.817234E-006 -1.388926E+001
      vertex -1.733800E+001 3.448742E+000 -1.767767E+001
      vertex -1.767767E+001 -1.545431E-006 -1.767767E+001
    endloop
  endfacet
  facet normal -7.707796E-001 -7.591529E-002 -6.325629E-001
    outer loop
      vertex -2.078674E+001 -1.817234E-006 -1.388926E+001
      vertex -1.767767E+001 -1.545431E-006 -1.767767E+001
      vertex -2.038733E+001 -4.055295E+000 -1.388926E+001
    endloop
  endfacet
  facet normal -7.707796E-001 -7.591522E-002 -6.325628E-001
    outer loop
      vertex -2.038733E+001 -4.055295E+000 -1.388926E+001
      vertex -1.767767E+001 -1.545431E-006 -1.767767E+001
      vertex -1.733800E+001 -3.448745E+000 -1.767767E+001
    endloop
  endfacet
  facet normal -7.411590E-001 -2.248282E-001 -6.325628E-001
    outer loop
      vertex -2.038733E+001 -4.055295E+000 -1.388926E+001
      vertex -1.733800E+001 -3.448745E+000 -1.767767E+001
      vertex -1.920444E+001 -7.954741E+000 -1.388926E+001
    endloop
  endfacet
  facet normal -7.411590E-001 -2.248282E-001 -6.325628E-001
    outer loop
      vertex -1.920444E+001 -7.954741E+000 -1.388926E+001
      vertex -1.733800E+001 -3.448745E+000 -1.767767E+001
      vertex -1.633204E+001 -6.764951E+000 -1.767767E+001
    endloop
  endfacet
  facet normal -6.830560E-001 -3.651011E-001 -6.325629E-001
    outer loop
      vertex -1.920444E+001 -7.954741E+000 -1.388926E+001
      vertex -1.633204E+001 -6.764951E+000 -1.767767E+001
      vertex -1.728354E+001 -1.154850E+001 -1.388926E+001
    endloop
  endfacet
  facet normal -6.830558E-001 -3.651012E-001 -6.325629E-001
    outer loop
      vertex -1.728354E+001 -1.154850E+001 -1.388926E+001
      vertex -1.633204E+001 -6.764951E+000 -1.767767E+001
      vertex -1.469844E+001 -9.821188E+000 -1.767767E+001
    endloop
  endfacet
  facet normal -5.987034E-001 -4.913434E-001 -6.325629E-001
    outer loop
      vertex -1.728354E+001 -1.154850E+001 -1.388926E+001
      vertex -1.469844E+001 -9.821188E+000 -1.767767E+001
      vertex -1.469844E+001 -1.469845E+001 -1.388926E+001
    endloop
  endfacet
  facet normal -5.987036E-001 -4.913433E-001 -6.325628E-001
    outer loop
      vertex -1.469844E+001 -1.469845E+001 -1.388926E+001
      vertex -1.469844E+001 -9.821188E+000 -1.767767E+001
      vertex -1.250000E+001 -1.250000E+001 -1.767767E+001
    endloop
  endfacet
  facet normal -4.913432E-001 -5.987037E-001 -6.325628E-001
    outer loop
      vertex -1.469844E+001 -1.469845E+001 -1.388926E+001
      vertex -1.250000E+001 -1.250000E+001 -1.767767E+001
      vertex -1.154849E+001 -1.728354E+001 -1.388926E+001
    endloop
  endfacet
  facet normal -4.913433E-001 -5.987037E-001 -6.325627E-001
    outer loop
      vertex -1.154849E+001 -1.728354E+001 -1.388926E+001
      vertex -1.250000E+001 -1.250000E+001 -1.767767E+001
      vertex -9.821183E+000 -1.469845E+001 -1.767767E+001
    endloop
  endfacet
  facet normal -3.651012E-001 -6.830561E-001 -6.325627E-001
    outer loop
      vertex -1.154849E+001 -1.728354E+001 -1.388926E+001
      vertex -9.821183E+000 -1.469845E+001 -1.767767E+001
      vertex -7.954734E+000 -1.920445E+001 -1.388926E+001
    endloop
  endfacet
  facet normal -3.651006E-001 -6.830560E-001 -6.325630E-001
    outer loop
      vertex -7.954734E+000 -1.920445E+001 -1.388926E+001
      vertex -9.821183E+000 -1.469845E+001 -1.767767E+001
      vertex -6.764946E+000 -1.633204E+001 -1.767767E+001
    endloop
  endfacet
  facet normal -2.248277E-001 -7.411590E-001 -6.325630E-001
    outer loop
      vertex -7.954734E+000 -1.920445E+001 -1.388926E+001
      vertex -6.764946E+000 -1.633204E+001 -1.767767E+001
      vertex -4.055293E+000 -2.038733E+001 -1.388926E+001
    endloop
  endfacet
  facet normal -2.248280E-001 -7.411590E-001 -6.325629E-001
    outer loop
      vertex -4.055293E+000 -2.038733E+001 -1.388926E+001
      vertex -6.764946E+000 -1.633204E+001 -1.767767E+001
      vertex -3.448743E+000 -1.733800E+001 -1.767767E+001
    endloop
  endfacet
  facet normal -7.591528E-002 -7.707796E-001 -6.325629E-001
    outer loop
      vertex -4.055293E+000 -2.038733E+001 -1.388926E+001
      vertex -3.448743E+000 -1.733800E+001 -1.767767E+001
      vertex 2.478794E-007 -2.078674E+001 -1.388926E+001
    endloop
  endfacet
  facet normal -7.591529E-002 -7.707796E-001 -6.325628E-001
    outer loop
      vertex 2.478794E-007 -2.078674E+001 -1.388926E+001
      vertex -3.448743E+000 -1.733800E+001 -1.767767E+001
      vertex 2.108041E-007 -1.767767E+001 -1.767767E+001
    endloop
  endfacet
  facet normal 7.591529E-002 -7.707796E-001 -6.325629E-001
    outer loop
      vertex 2.478794E-007 -2.078674E+001 -1.388926E+001
      vertex 2.108041E-007 -1.767767E+001 -1.767767E+001
      vertex 4.055294E+000 -2.038733E+001 -1.388926E+001
    endloop
  endfacet
  facet normal 7.591522E-002 -7.707796E-001 -6.325628E-001
    outer loop
      vertex 4.055294E+000 -2.038733E+001 -1.388926E+001
      vertex 2.108041E-007 -1.767767E+001 -1.767767E+001
      vertex 3.448744E+000 -1.733800E+001 -1.767767E+001
    endloop
  endfacet
  facet normal 2.248282E-001 -7.411589E-001 -6.325628E-001
    outer loop
      vertex 4.055294E+000 -2.038733E+001 -1.388926E+001
      vertex 3.448744E+000 -1.733800E+001 -1.767767E+001
      vertex 7.954744E+000 -1.920444E+001 -1.388926E+001
    endloop
  endfacet
  facet normal 2.248283E-001 -7.411588E-001 -6.325629E-001
    outer loop
      vertex 7.954744E+000 -1.920444E+001 -1.388926E+001
      vertex 3.448744E+000 -1.733800E+001 -1.767767E+001
      vertex 6.764954E+000 -1.633204E+001 -1.767767E+001
    endloop
  endfacet
  facet normal 3.651012E-001 -6.830558E-001 -6.325629E-001
    outer loop
      vertex 7.954744E+000 -1.920444E+001 -1.388926E+001
      vertex 6.764954E+000 -1.633204E+001 -1.767767E+001
      vertex 1.154850E+001 -1.728354E+001 -1.388926E+001
    endloop
  endfacet
  facet normal 3.651011E-001 -6.830559E-001 -6.325628E-001
    outer loop
      vertex 1.154850E+001 -1.728354E+001 -1.388926E+001
      vertex 6.764954E+000 -1.633204E+001 -1.767767E+001
      vertex 9.821190E+000 -1.469844E+001 -1.767767E+001
    endloop
  endfacet
  facet normal 4.913434E-001 -5.987036E-001 -6.325629E-001
    outer loop
      vertex 1.154850E+001 -1.728354E+001 -1.388926E+001
      vertex 9.821190E+000 -1.469844E+001 -1.767767E+001
      vertex 1.469845E+001 -1.469844E+001 -1.388926E+001
    endloop
  endfacet
  facet normal 4.913435E-001 -5.987034E-001 -6.325629E-001
    outer loop
      vertex 1.469845E+001 -1.469844E+001 -1.388926E+001
      vertex 9.821190E+000 -1.469844E+001 -1.767767E+001
      vertex 1.250000E+001 -1.250000E+001 -1.767767E+001
    endloop
  endfacet
  facet normal 5.987034E-001 -4.913434E-001 -6.325629E-001
    outer loop
      vertex 1.469845E+001 -1.469844E+001 -1.388926E+001
      vertex 1.250000E+001 -1.250000E+001 -1.767767E+001
      vertex 1.728354E+001 -1.154850E+001 -1.388926E+001
    endloop
  endfacet
  facet normal 5.987034E-001 -4.913433E-001 -6.325631E-001
    outer loop
      vertex 1.728354E+001 -1.154850E+001 -1.388926E+001
      vertex 1.250000E+001 -1.250000E+001 -1.767767E+001
      vertex 1.469844E+001 -9.821188E+000 -1.767767E+001
    endloop
  endfacet
  facet normal 6.830560E-001 -3.651007E-001 -6.325630E-001
    outer loop
      vertex 1.728354E+001 -1.154850E+001 -1.388926E+001
      vertex 1.469844E+001 -9.821188E+000 -1.767767E+001
      vertex 1.920444E+001 -7.954741E+000 -1.388926E+001
    endloop
  endfacet
  facet normal 6.830559E-001 -3.651011E-001 -6.325628E-001
    outer loop
      vertex 1.920444E+001 -7.954741E+000 -1.388926E+001
      vertex 1.469844E+001 -9.821188E+000 -1.767767E+001
      vertex 1.633204E+001 -6.764951E+000 -1.767767E+001
    endloop
  endfacet
  facet normal 7.411589E-001 -2.248282E-001 -6.325628E-001
    outer loop
      vertex 1.920444E+001 -7.954741E+000 -1.388926E+001
      vertex 1.633204E+001 -6.764951E+000 -1.767767E+001
      vertex 2.038733E+001 -4.055290E+000 -1.388926E+001
    endloop
  endfacet
  facet normal 7.411589E-001 -2.248283E-001 -6.325628E-001
    outer loop
      vertex 2.038733E+001 -4.055290E+000 -1.388926E+001
      vertex 1.633204E+001 -6.764951E+000 -1.767767E+001
      vertex 1.733800E+001 -3.448741E+000 -1.767767E+001
    endloop
  endfacet
  facet normal 7.707796E-001 -7.591499E-002 -6.325628E-001
    outer loop
      vertex 2.038733E+001 -4.055290E+000 -1.388926E+001
      vertex 1.733800E+001 -3.448741E+000 -1.767767E+001
      vertex 2.078674E+001 0.000000E+000 -1.388926E+001
    endloop
  endfacet
  facet normal 7.707796E-001 -7.591490E-002 -6.325628E-001
    outer loop
      vertex 2.078674E+001 0.000000E+000 -1.388926E+001
      vertex 1.733800E+001 -3.448741E+000 -1.767767E+001
      vertex 1.767767E+001 0.000000E+000 -1.767767E+001
    endloop
  endfacet
  facet normal 6.331586E-001 6.236079E-002 -7.715060E-001
    outer loop
      vertex 1.767767E+001 0.000000E+000 -1.767767E+001
      vertex 1.388925E+001 0.000000E+000 -2.078674E+001
      vertex 1.733800E+001 3.448742E+000 -1.767767E+001
    endloop
  endfacet
  facet normal 6.331586E-001 6.236069E-002 -7.715059E-001
    outer loop
      vertex 1.733800E+001 3.448742E+000 -1.767767E+001
      vertex 1.388925E+001 0.000000E+000 -2.078674E+001
      vertex 1.362238E+001 2.709659E+000 -2.078674E+001
    endloop
  endfacet
  facet normal 6.088267E-001 1.846854E-001 -7.715059E-001
    outer loop
      vertex 1.733800E+001 3.448742E+000 -1.767767E+001
      vertex 1.362238E+001 2.709659E+000 -2.078674E+001
      vertex 1.633204E+001 6.764952E+000 -1.767767E+001
    endloop
  endfacet
  facet normal 6.088266E-001 1.846855E-001 -7.715060E-001
    outer loop
      vertex 1.633204E+001 6.764952E+000 -1.767767E+001
      vertex 1.362238E+001 2.709659E+000 -2.078674E+001
      vertex 1.283200E+001 5.315188E+000 -2.078674E+001
    endloop
  endfacet
  facet normal 5.610977E-001 2.999131E-001 -7.715059E-001
    outer loop
      vertex 1.633204E+001 6.764952E+000 -1.767767E+001
      vertex 1.283200E+001 5.315188E+000 -2.078674E+001
      vertex 1.469844E+001 9.821187E+000 -1.767767E+001
    endloop
  endfacet
  facet normal 5.610977E-001 2.999131E-001 -7.715060E-001
    outer loop
      vertex 1.469844E+001 9.821187E+000 -1.767767E+001
      vertex 1.283200E+001 5.315188E+000 -2.078674E+001
      vertex 1.154849E+001 7.716456E+000 -2.078674E+001
    endloop
  endfacet
  facet normal 4.918064E-001 4.036149E-001 -7.715060E-001
    outer loop
      vertex 1.469844E+001 9.821187E+000 -1.767767E+001
      vertex 1.154849E+001 7.716456E+000 -2.078674E+001
      vertex 1.250000E+001 1.250000E+001 -1.767767E+001
    endloop
  endfacet
  facet normal 4.918064E-001 4.036149E-001 -7.715059E-001
    outer loop
      vertex 1.250000E+001 1.250000E+001 -1.767767E+001
      vertex 1.154849E+001 7.716456E+000 -2.078674E+001
      vertex 9.821186E+000 9.821186E+000 -2.078674E+001
    endloop
  endfacet
  facet normal 4.036150E-001 4.918064E-001 -7.715059E-001
    outer loop
      vertex 1.250000E+001 1.250000E+001 -1.767767E+001
      vertex 9.821186E+000 9.821186E+000 -2.078674E+001
      vertex 9.821186E+000 1.469845E+001 -1.767767E+001
    endloop
  endfacet
  facet normal 4.036151E-001 4.918064E-001 -7.715060E-001
    outer loop
      vertex 9.821186E+000 1.469845E+001 -1.767767E+001
      vertex 9.821186E+000 9.821186E+000 -2.078674E+001
      vertex 7.716456E+000 1.154849E+001 -2.078674E+001
    endloop
  endfacet
  facet normal 2.999130E-001 5.610978E-001 -7.715060E-001
    outer loop
      vertex 9.821186E+000 1.469845E+001 -1.767767E+001
      vertex 7.716456E+000 1.154849E+001 -2.078674E+001
      vertex 6.764951E+000 1.633204E+001 -1.767767E+001
    endloop
  endfacet
  facet normal 2.999130E-001 5.610978E-001 -7.715060E-001
    outer loop
      vertex 6.764951E+000 1.633204E+001 -1.767767E+001
      vertex 7.716456E+000 1.154849E+001 -2.078674E+001
      vertex 5.315187E+000 1.283200E+001 -2.078674E+001
    endloop
  endfacet
  facet normal 1.846857E-001 6.088266E-001 -7.715060E-001
    outer loop
      vertex 6.764951E+000 1.633204E+001 -1.767767E+001
      vertex 5.315187E+000 1.283200E+001 -2.078674E+001
      vertex 3.448741E+000 1.733800E+001 -1.767767E+001
    endloop
  endfacet
  facet normal 1.846854E-001 6.088265E-001 -7.715061E-001
    outer loop
      vertex 3.448741E+000 1.733800E+001 -1.767767E+001
      vertex 5.315187E+000 1.283200E+001 -2.078674E+001
      vertex 2.709658E+000 1.362238E+001 -2.078674E+001
    endloop
  endfacet
  facet normal 6.236045E-002 6.331584E-001 -7.715060E-001
    outer loop
      vertex 3.448741E+000 1.733800E+001 -1.767767E+001
      vertex 2.709658E+000 1.362238E+001 -2.078674E+001
      vertex -7.727155E-007 1.767767E+001 -1.767767E+001
    endloop
  endfacet
  facet normal 6.236070E-002 6.331586E-001 -7.715059E-001
    outer loop
      vertex -7.727155E-007 1.767767E+001 -1.767767E+001
      vertex 2.709658E+000 1.362238E+001 -2.078674E+001
      vertex -6.071186E-007 1.388925E+001 -2.078674E+001
    endloop
  endfacet
  facet normal -6.236080E-002 6.331585E-001 -7.715059E-001
    outer loop
      vertex -7.727155E-007 1.767767E+001 -1.767767E+001
      vertex -6.071186E-007 1.388925E+001 -2.078674E+001
      vertex -3.448742E+000 1.733800E+001 -1.767767E+001
    endloop
  endfacet
  facet normal -6.236070E-002 6.331586E-001 -7.715058E-001
    outer loop
      vertex -3.448742E+000 1.733800E+001 -1.767767E+001
      vertex -6.071186E-007 1.388925E+001 -2.078674E+001
      vertex -2.709659E+000 1.362238E+001 -2.078674E+001
    endloop
  endfacet
  facet normal -1.846854E-001 6.088267E-001 -7.715059E-001
    outer loop
      vertex -3.448742E+000 1.733800E+001 -1.767767E+001
      vertex -2.709659E+000 1.362238E+001 -2.078674E+001
      vertex -6.764953E+000 1.633204E+001 -1.767767E+001
    endloop
  endfacet
  facet normal -1.846854E-001 6.088266E-001 -7.715060E-001
    outer loop
      vertex -6.764953E+000 1.633204E+001 -1.767767E+001
      vertex -2.709659E+000 1.362238E+001 -2.078674E+001
      vertex -5.315189E+000 1.283200E+001 -2.078674E+001
    endloop
  endfacet
  facet normal -2.999132E-001 5.610977E-001 -7.715059E-001
    outer loop
      vertex -6.764953E+000 1.633204E+001 -1.767767E+001
      vertex -5.315189E+000 1.283200E+001 -2.078674E+001
      vertex -9.821189E+000 1.469844E+001 -1.767767E+001
    endloop
  endfacet
  facet normal -2.999131E-001 5.610979E-001 -7.715059E-001
    outer loop
      vertex -9.821189E+000 1.469844E+001 -1.767767E+001
      vertex -5.315189E+000 1.283200E+001 -2.078674E+001
      vertex -7.716458E+000 1.154849E+001 -2.078674E+001
    endloop
  endfacet
  facet normal -4.036151E-001 4.918064E-001 -7.715059E-001
    outer loop
      vertex -9.821189E+000 1.469844E+001 -1.767767E+001
      vertex -7.716458E+000 1.154849E+001 -2.078674E+001
      vertex -1.250000E+001 1.250000E+001 -1.767767E+001
    endloop
  endfacet
  facet normal -4.036152E-001 4.918063E-001 -7.715060E-001
    outer loop
      vertex -1.250000E+001 1.250000E+001 -1.767767E+001
      vertex -7.716458E+000 1.154849E+001 -2.078674E+001
      vertex -9.821186E+000 9.821186E+000 -2.078674E+001
    endloop
  endfacet
  facet normal -4.918064E-001 4.036150E-001 -7.715059E-001
    outer loop
      vertex -1.250000E+001 1.250000E+001 -1.767767E+001
      vertex -9.821186E+000 9.821186E+000 -2.078674E+001
      vertex -1.469845E+001 9.821186E+000 -1.767767E+001
    endloop
  endfacet
  facet normal -4.918064E-001 4.036151E-001 -7.715060E-001
    outer loop
      vertex -1.469845E+001 9.821186E+000 -1.767767E+001
      vertex -9.821186E+000 9.821186E+000 -2.078674E+001
      vertex -1.154849E+001 7.716456E+000 -2.078674E+001
    endloop
  endfacet
  facet normal -5.610977E-001 2.999131E-001 -7.715059E-001
    outer loop
      vertex -1.469845E+001 9.821186E+000 -1.767767E+001
      vertex -1.154849E+001 7.716456E+000 -2.078674E+001
      vertex -1.633204E+001 6.764948E+000 -1.767767E+001
    endloop
  endfacet
  facet normal -5.610978E-001 2.999129E-001 -7.715060E-001
    outer loop
      vertex -1.633204E+001 6.764948E+000 -1.767767E+001
      vertex -1.154849E+001 7.716456E+000 -2.078674E+001
      vertex -1.283200E+001 5.315186E+000 -2.078674E+001
    endloop
  endfacet
  facet normal -6.088265E-001 1.846856E-001 -7.715060E-001
    outer loop
      vertex -1.633204E+001 6.764948E+000 -1.767767E+001
      vertex -1.283200E+001 5.315186E+000 -2.078674E+001
      vertex -1.733800E+001 3.448742E+000 -1.767767E+001
    endloop
  endfacet
  facet normal -6.088265E-001 1.846854E-001 -7.715060E-001
    outer loop
      vertex -1.733800E+001 3.448742E+000 -1.767767E+001
      vertex -1.283200E+001 5.315186E+000 -2.078674E+001
      vertex -1.362238E+001 2.709659E+000 -2.078674E+001
    endloop
  endfacet
  facet normal -6.331585E-001 6.236042E-002 -7.715061E-001
    outer loop
      vertex -1.733800E+001 3.448742E+000 -1.767767E+001
      vertex -1.362238E+001 2.709659E+000 -2.078674E+001
      vertex -1.767767E+001 -1.545431E-006 -1.767767E+001
    endloop
  endfacet
  facet normal -6.331585E-001 6.236066E-002 -7.715060E-001
    outer loop
      vertex -1.767767E+001 -1.545431E-006 -1.767767E+001
      vertex -1.362238E+001 2.709659E+000 -2.078674E+001
      vertex -1.388925E+001 -1.214237E-006 -2.078674E+001
    endloop
  endfacet
  facet normal -6.331585E-001 -6.236076E-002 -7.715059E-001
    outer loop
      vertex -1.767767E+001 -1.545431E-006 -1.767767E+001
      vertex -1.388925E+001 -1.214237E-006 -2.078674E+001
      vertex -1.733800E+001 -3.448745E+000 -1.767767E+001
    endloop
  endfacet
  facet normal -6.331586E-001 -6.236066E-002 -7.715059E-001
    outer loop
      vertex -1.733800E+001 -3.448745E+000 -1.767767E+001
      vertex -1.388925E+001 -1.214237E-006 -2.078674E+001
      vertex -1.362238E+001 -2.709661E+000 -2.078674E+001
    endloop
  endfacet
  facet normal -6.088266E-001 -1.846856E-001 -7.715059E-001
    outer loop
      vertex -1.733800E+001 -3.448745E+000 -1.767767E+001
      vertex -1.362238E+001 -2.709661E+000 -2.078674E+001
      vertex -1.633204E+001 -6.764951E+000 -1.767767E+001
    endloop
  endfacet
  facet normal -6.088265E-001 -1.846857E-001 -7.715060E-001
    outer loop
      vertex -1.633204E+001 -6.764951E+000 -1.767767E+001
      vertex -1.362238E+001 -2.709661E+000 -2.078674E+001
      vertex -1.283200E+001 -5.315187E+000 -2.078674E+001
    endloop
  endfacet
  facet normal -5.610977E-001 -2.999132E-001 -7.715060E-001
    outer loop
      vertex -1.633204E+001 -6.764951E+000 -1.767767E+001
      vertex -1.283200E+001 -5.315187E+000 -2.078674E+001
      vertex -1.469844E+001 -9.821188E+000 -1.767767E+001
    endloop
  endfacet
  facet normal -5.610979E-001 -2.999131E-001 -7.715059E-001
    outer loop
      vertex -1.469844E+001 -9.821188E+000 -1.767767E+001
      vertex -1.283200E+001 -5.315187E+000 -2.078674E+001
      vertex -1.154849E+001 -7.716457E+000 -2.078674E+001
    endloop
  endfacet
  facet normal -4.918064E-001 -4.036150E-001 -7.715059E-001
    outer loop
      vertex -1.469844E+001 -9.821188E+000 -1.767767E+001
      vertex -1.154849E+001 -7.716457E+000 -2.078674E+001
      vertex -1.250000E+001 -1.250000E+001 -1.767767E+001
    endloop
  endfacet
  facet normal -4.918063E-001 -4.036151E-001 -7.715060E-001
    outer loop
      vertex -1.250000E+001 -1.250000E+001 -1.767767E+001
      vertex -1.154849E+001 -7.716457E+000 -2.078674E+001
      vertex -9.821184E+000 -9.821188E+000 -2.078674E+001
    endloop
  endfacet
  facet normal -4.036150E-001 -4.918063E-001 -7.715059E-001
    outer loop
      vertex -1.250000E+001 -1.250000E+001 -1.767767E+001
      vertex -9.821184E+000 -9.821188E+000 -2.078674E+001
      vertex -9.821183E+000 -1.469845E+001 -1.767767E+001
    endloop
  endfacet
  facet normal -4.036149E-001 -4.918064E-001 -7.715060E-001
    outer loop
      vertex -9.821183E+000 -1.469845E+001 -1.767767E+001
      vertex -9.821184E+000 -9.821188E+000 -2.078674E+001
      vertex -7.716453E+000 -1.154850E+001 -2.078674E+001
    endloop
  endfacet
  facet normal -2.999127E-001 -5.610980E-001 -7.715060E-001
    outer loop
      vertex -9.821183E+000 -1.469845E+001 -1.767767E+001
      vertex -7.716453E+000 -1.154850E+001 -2.078674E+001
      vertex -6.764946E+000 -1.633204E+001 -1.767767E+001
    endloop
  endfacet
  facet normal -2.999129E-001 -5.610979E-001 -7.715059E-001
    outer loop
      vertex -6.764946E+000 -1.633204E+001 -1.767767E+001
      vertex -7.716453E+000 -1.154850E+001 -2.078674E+001
      vertex -5.315183E+000 -1.283200E+001 -2.078674E+001
    endloop
  endfacet
  facet normal -1.846855E-001 -6.088267E-001 -7.715060E-001
    outer loop
      vertex -6.764946E+000 -1.633204E+001 -1.767767E+001
      vertex -5.315183E+000 -1.283200E+001 -2.078674E+001
      vertex -3.448743E+000 -1.733800E+001 -1.767767E+001
    endloop
  endfacet
  facet normal -1.846855E-001 -6.088266E-001 -7.715059E-001
    outer loop
      vertex -3.448743E+000 -1.733800E+001 -1.767767E+001
      vertex -5.315183E+000 -1.283200E+001 -2.078674E+001
      vertex -2.709660E+000 -1.362238E+001 -2.078674E+001
    endloop
  endfacet
  facet normal -6.236076E-002 -6.331586E-001 -7.715059E-001
    outer loop
      vertex -3.448743E+000 -1.733800E+001 -1.767767E+001
      vertex -2.709660E+000 -1.362238E+001 -2.078674E+001
      vertex 2.108041E-007 -1.767767E+001 -1.767767E+001
    endloop
  endfacet
  facet normal -6.236066E-002 -6.331585E-001 -7.715060E-001
    outer loop
      vertex 2.108041E-007 -1.767767E+001 -1.767767E+001
      vertex -2.709660E+000 -1.362238E+001 -2.078674E+001
      vertex 1.656277E-007 -1.388925E+001 -2.078674E+001
    endloop
  endfacet
  facet normal 6.236076E-002 -6.331586E-001 -7.715059E-001
    outer loop
      vertex 2.108041E-007 -1.767767E+001 -1.767767E+001
      vertex 1.656277E-007 -1.388925E+001 -2.078674E+001
      vertex 3.448744E+000 -1.733800E+001 -1.767767E+001
    endloop
  endfacet
  facet normal 6.236066E-002 -6.331586E-001 -7.715059E-001
    outer loop
      vertex 3.448744E+000 -1.733800E+001 -1.767767E+001
      vertex 1.656277E-007 -1.388925E+001 -2.078674E+001
      vertex 2.709661E+000 -1.362238E+001 -2.078674E+001
    endloop
  endfacet
  facet normal 1.846857E-001 -6.088266E-001 -7.715059E-001
    outer loop
      vertex 3.448744E+000 -1.733800E+001 -1.767767E+001
      vertex 2.709661E+000 -1.362238E+001 -2.078674E+001
      vertex 6.764954E+000 -1.633204E+001 -1.767767E+001
    endloop
  endfacet
  facet normal 1.846857E-001 -6.088266E-001 -7.715059E-001
    outer loop
      vertex 6.764954E+000 -1.633204E+001 -1.767767E+001
      vertex 2.709661E+000 -1.362238E+001 -2.078674E+001
      vertex 5.315190E+000 -1.283200E+001 -2.078674E+001
    endloop
  endfacet
  facet normal 2.999131E-001 -5.610978E-001 -7.715058E-001
    outer loop
      vertex 6.764954E+000 -1.633204E+001 -1.767767E+001
      vertex 5.315190E+000 -1.283200E+001 -2.078674E+001
      vertex 9.821190E+000 -1.469844E+001 -1.767767E+001
    endloop
  endfacet
  facet normal 2.999131E-001 -5.610979E-001 -7.715059E-001
    outer loop
      vertex 9.821190E+000 -1.469844E+001 -1.767767E+001
      vertex 5.315190E+000 -1.283200E+001 -2.078674E+001
      vertex 7.716459E+000 -1.154849E+001 -2.078674E+001
    endloop
  endfacet
  facet normal 4.036153E-001 -4.918063E-001 -7.715058E-001
    outer loop
      vertex 9.821190E+000 -1.469844E+001 -1.767767E+001
      vertex 7.716459E+000 -1.154849E+001 -2.078674E+001
      vertex 1.250000E+001 -1.250000E+001 -1.767767E+001
    endloop
  endfacet
  facet normal 4.036154E-001 -4.918061E-001 -7.715060E-001
    outer loop
      vertex 1.250000E+001 -1.250000E+001 -1.767767E+001
      vertex 7.716459E+000 -1.154849E+001 -2.078674E+001
      vertex 9.821189E+000 -9.821182E+000 -2.078674E+001
    endloop
  endfacet
  facet normal 4.918063E-001 -4.036151E-001 -7.715060E-001
    outer loop
      vertex 1.250000E+001 -1.250000E+001 -1.767767E+001
      vertex 9.821189E+000 -9.821182E+000 -2.078674E+001
      vertex 1.469844E+001 -9.821188E+000 -1.767767E+001
    endloop
  endfacet
  facet normal 4.918063E-001 -4.036151E-001 -7.715059E-001
    outer loop
      vertex 1.469844E+001 -9.821188E+000 -1.767767E+001
      vertex 9.821189E+000 -9.821182E+000 -2.078674E+001
      vertex 1.154849E+001 -7.716457E+000 -2.078674E+001
    endloop
  endfacet
  facet normal 5.610979E-001 -2.999130E-001 -7.715060E-001
    outer loop
      vertex 1.469844E+001 -9.821188E+000 -1.767767E+001
      vertex 1.154849E+001 -7.716457E+000 -2.078674E+001
      vertex 1.633204E+001 -6.764951E+000 -1.767767E+001
    endloop
  endfacet
  facet normal 5.610978E-001 -2.999133E-001 -7.715059E-001
    outer loop
      vertex 1.633204E+001 -6.764951E+000 -1.767767E+001
      vertex 1.154849E+001 -7.716457E+000 -2.078674E+001
      vertex 1.283200E+001 -5.315187E+000 -2.078674E+001
    endloop
  endfacet
  facet normal 6.088266E-001 -1.846857E-001 -7.715059E-001
    outer loop
      vertex 1.633204E+001 -6.764951E+000 -1.767767E+001
      vertex 1.283200E+001 -5.315187E+000 -2.078674E+001
      vertex 1.733800E+001 -3.448741E+000 -1.767767E+001
    endloop
  endfacet
  facet normal 6.088266E-001 -1.846852E-001 -7.715060E-001
    outer loop
      vertex 1.733800E+001 -3.448741E+000 -1.767767E+001
      vertex 1.283200E+001 -5.315187E+000 -2.078674E+001
      vertex 1.362238E+001 -2.709658E+000 -2.078674E+001
    endloop
  endfacet
  facet normal 6.331584E-001 -6.236046E-002 -7.715061E-001
    outer loop
      vertex 1.733800E+001 -3.448741E+000 -1.767767E+001
      vertex 1.362238E+001 -2.709658E+000 -2.078674E+001
      vertex 1.767767E+001 0.000000E+000 -1.767767E+001
    endloop
  endfacet
  facet normal 6.331586E-001 -6.236071E-002 -7.715060E-001
    outer loop
      vertex 1.767767E+001 0.000000E+000 -1.767767E+001
      vertex 1.362238E+001 -2.709658E+000 -2.078674E+001
      vertex 1.388925E+001 0.000000E+000 -2.078674E+001
    endloop
  endfacet
  facet normal 4.708894E-001 4.637856E-002 -8.809723E-001
    outer loop
      vertex 1.388925E+001 0.000000E+000 -2.078674E+001
      vertex 9.567081E+000 0.000000E+000 -2.309699E+001
      vertex 1.362238E+001 2.709659E+000 -2.078674E+001
    endloop
  endfacet
  facet normal 4.708894E-001 4.637865E-002 -8.809724E-001
    outer loop
      vertex 1.362238E+001 2.709659E+000 -2.078674E+001
      vertex 9.567081E+000 0.000000E+000 -2.309699E+001
      vertex 9.383252E+000 1.866445E+000 -2.309699E+001
    endloop
  endfacet
  facet normal 4.527934E-001 1.373534E-001 -8.809723E-001
    outer loop
      vertex 1.362238E+001 2.709659E+000 -2.078674E+001
      vertex 9.383252E+000 1.866445E+000 -2.309699E+001
      vertex 1.283200E+001 5.315188E+000 -2.078674E+001
    endloop
  endfacet
  facet normal 4.527934E-001 1.373534E-001 -8.809724E-001
    outer loop
      vertex 1.283200E+001 5.315188E+000 -2.078674E+001
      vertex 9.383252E+000 1.866445E+000 -2.309699E+001
      vertex 8.838830E+000 3.661164E+000 -2.309699E+001
    endloop
  endfacet
  facet normal 4.172967E-001 2.230499E-001 -8.809723E-001
    outer loop
      vertex 1.283200E+001 5.315188E+000 -2.078674E+001
      vertex 8.838830E+000 3.661164E+000 -2.309699E+001
      vertex 1.154849E+001 7.716456E+000 -2.078674E+001
    endloop
  endfacet
  facet normal 4.172968E-001 2.230497E-001 -8.809723E-001
    outer loop
      vertex 1.154849E+001 7.716456E+000 -2.078674E+001
      vertex 8.838830E+000 3.661164E+000 -2.309699E+001
      vertex 7.954737E+000 5.315186E+000 -2.309699E+001
    endloop
  endfacet
  facet normal 3.657638E-001 3.001744E-001 -8.809723E-001
    outer loop
      vertex 1.154849E+001 7.716456E+000 -2.078674E+001
      vertex 7.954737E+000 5.315186E+000 -2.309699E+001
      vertex 9.821186E+000 9.821186E+000 -2.078674E+001
    endloop
  endfacet
  facet normal 3.657637E-001 3.001745E-001 -8.809723E-001
    outer loop
      vertex 9.821186E+000 9.821186E+000 -2.078674E+001
      vertex 7.954737E+000 5.315186E+000 -2.309699E+001
      vertex 6.764948E+000 6.764948E+000 -2.309699E+001
    endloop
  endfacet
  facet normal 3.001745E-001 3.657637E-001 -8.809723E-001
    outer loop
      vertex 9.821186E+000 9.821186E+000 -2.078674E+001
      vertex 6.764948E+000 6.764948E+000 -2.309699E+001
      vertex 7.716456E+000 1.154849E+001 -2.078674E+001
    endloop
  endfacet
  facet normal 3.001747E-001 3.657637E-001 -8.809723E-001
    outer loop
      vertex 7.716456E+000 1.154849E+001 -2.078674E+001
      vertex 6.764948E+000 6.764948E+000 -2.309699E+001
      vertex 5.315185E+000 7.954738E+000 -2.309699E+001
    endloop
  endfacet
  facet normal 2.230498E-001 4.172969E-001 -8.809723E-001
    outer loop
      vertex 7.716456E+000 1.154849E+001 -2.078674E+001
      vertex 5.315185E+000 7.954738E+000 -2.309699E+001
      vertex 5.315187E+000 1.283200E+001 -2.078674E+001
    endloop
  endfacet
  facet normal 2.230496E-001 4.172968E-001 -8.809723E-001
    outer loop
      vertex 5.315187E+000 1.283200E+001 -2.078674E+001
      vertex 5.315185E+000 7.954738E+000 -2.309699E+001
      vertex 3.661164E+000 8.838830E+000 -2.309699E+001
    endloop
  endfacet
  facet normal 1.373533E-001 4.527934E-001 -8.809723E-001
    outer loop
      vertex 5.315187E+000 1.283200E+001 -2.078674E+001
      vertex 3.661164E+000 8.838830E+000 -2.309699E+001
      vertex 2.709658E+000 1.362238E+001 -2.078674E+001
    endloop
  endfacet
  facet normal 1.373535E-001 4.527934E-001 -8.809723E-001
    outer loop
      vertex 2.709658E+000 1.362238E+001 -2.078674E+001
      vertex 3.661164E+000 8.838830E+000 -2.309699E+001
      vertex 1.866444E+000 9.383253E+000 -2.309699E+001
    endloop
  endfacet
  facet normal 4.637858E-002 4.708895E-001 -8.809723E-001
    outer loop
      vertex 2.709658E+000 1.362238E+001 -2.078674E+001
      vertex 1.866444E+000 9.383253E+000 -2.309699E+001
      vertex -6.071186E-007 1.388925E+001 -2.078674E+001
    endloop
  endfacet
  facet normal 4.637846E-002 4.708894E-001 -8.809723E-001
    outer loop
      vertex -6.071186E-007 1.388925E+001 -2.078674E+001
      vertex 1.866444E+000 9.383253E+000 -2.309699E+001
      vertex -4.181904E-007 9.567081E+000 -2.309699E+001
    endloop
  endfacet
  facet normal -4.637858E-002 4.708894E-001 -8.809723E-001
    outer loop
      vertex -6.071186E-007 1.388925E+001 -2.078674E+001
      vertex -4.181904E-007 9.567081E+000 -2.309699E+001
      vertex -2.709659E+000 1.362238E+001 -2.078674E+001
    endloop
  endfacet
  facet normal -4.637866E-002 4.708893E-001 -8.809723E-001
    outer loop
      vertex -2.709659E+000 1.362238E+001 -2.078674E+001
      vertex -4.181904E-007 9.567081E+000 -2.309699E+001
      vertex -1.866445E+000 9.383252E+000 -2.309699E+001
    endloop
  endfacet
  facet normal -1.373533E-001 4.527934E-001 -8.809723E-001
    outer loop
      vertex -2.709659E+000 1.362238E+001 -2.078674E+001
      vertex -1.866445E+000 9.383252E+000 -2.309699E+001
      vertex -5.315189E+000 1.283200E+001 -2.078674E+001
    endloop
  endfacet
  facet normal -1.373533E-001 4.527934E-001 -8.809723E-001
    outer loop
      vertex -5.315189E+000 1.283200E+001 -2.078674E+001
      vertex -1.866445E+000 9.383252E+000 -2.309699E+001
      vertex -3.661164E+000 8.838830E+000 -2.309699E+001
    endloop
  endfacet
  facet normal -2.230498E-001 4.172967E-001 -8.809723E-001
    outer loop
      vertex -5.315189E+000 1.283200E+001 -2.078674E+001
      vertex -3.661164E+000 8.838830E+000 -2.309699E+001
      vertex -7.716458E+000 1.154849E+001 -2.078674E+001
    endloop
  endfacet
  facet normal -2.230497E-001 4.172968E-001 -8.809723E-001
    outer loop
      vertex -7.716458E+000 1.154849E+001 -2.078674E+001
      vertex -3.661164E+000 8.838830E+000 -2.309699E+001
      vertex -5.315187E+000 7.954737E+000 -2.309699E+001
    endloop
  endfacet
  facet normal -3.001746E-001 3.657636E-001 -8.809723E-001
    outer loop
      vertex -7.716458E+000 1.154849E+001 -2.078674E+001
      vertex -5.315187E+000 7.954737E+000 -2.309699E+001
      vertex -9.821186E+000 9.821186E+000 -2.078674E+001
    endloop
  endfacet
  facet normal -3.001746E-001 3.657636E-001 -8.809723E-001
    outer loop
      vertex -9.821186E+000 9.821186E+000 -2.078674E+001
      vertex -5.315187E+000 7.954737E+000 -2.309699E+001
      vertex -6.764948E+000 6.764948E+000 -2.309699E+001
    endloop
  endfacet
  facet normal -3.657637E-001 3.001745E-001 -8.809723E-001
    outer loop
      vertex -9.821186E+000 9.821186E+000 -2.078674E+001
      vertex -6.764948E+000 6.764948E+000 -2.309699E+001
      vertex -1.154849E+001 7.716456E+000 -2.078674E+001
    endloop
  endfacet
  facet normal -3.657637E-001 3.001747E-001 -8.809723E-001
    outer loop
      vertex -1.154849E+001 7.716456E+000 -2.078674E+001
      vertex -6.764948E+000 6.764948E+000 -2.309699E+001
      vertex -7.954738E+000 5.315185E+000 -2.309699E+001
    endloop
  endfacet
  facet normal -4.172969E-001 2.230497E-001 -8.809723E-001
    outer loop
      vertex -1.154849E+001 7.716456E+000 -2.078674E+001
      vertex -7.954738E+000 5.315185E+000 -2.309699E+001
      vertex -1.283200E+001 5.315186E+000 -2.078674E+001
    endloop
  endfacet
  facet normal -4.172969E-001 2.230498E-001 -8.809723E-001
    outer loop
      vertex -1.283200E+001 5.315186E+000 -2.078674E+001
      vertex -7.954738E+000 5.315185E+000 -2.309699E+001
      vertex -8.838832E+000 3.661162E+000 -2.309699E+001
    endloop
  endfacet
  facet normal -4.527935E-001 1.373534E-001 -8.809723E-001
    outer loop
      vertex -1.283200E+001 5.315186E+000 -2.078674E+001
      vertex -8.838832E+000 3.661162E+000 -2.309699E+001
      vertex -1.362238E+001 2.709659E+000 -2.078674E+001
    endloop
  endfacet
  facet normal -4.527935E-001 1.373533E-001 -8.809723E-001
    outer loop
      vertex -1.362238E+001 2.709659E+000 -2.078674E+001
      vertex -8.838832E+000 3.661162E+000 -2.309699E+001
      vertex -9.383253E+000 1.866445E+000 -2.309699E+001
    endloop
  endfacet
  facet normal -4.708895E-001 4.637855E-002 -8.809723E-001
    outer loop
      vertex -1.362238E+001 2.709659E+000 -2.078674E+001
      vertex -9.383253E+000 1.866445E+000 -2.309699E+001
      vertex -1.388925E+001 -1.214237E-006 -2.078674E+001
    endloop
  endfacet
  facet normal -4.708894E-001 4.637843E-002 -8.809723E-001
    outer loop
      vertex -1.388925E+001 -1.214237E-006 -2.078674E+001
      vertex -9.383253E+000 1.866445E+000 -2.309699E+001
      vertex -9.567081E+000 -8.363808E-007 -2.309699E+001
    endloop
  endfacet
  facet normal -4.708894E-001 -4.637854E-002 -8.809723E-001
    outer loop
      vertex -1.388925E+001 -1.214237E-006 -2.078674E+001
      vertex -9.567081E+000 -8.363808E-007 -2.309699E+001
      vertex -1.362238E+001 -2.709661E+000 -2.078674E+001
    endloop
  endfacet
  facet normal -4.708894E-001 -4.637863E-002 -8.809723E-001
    outer loop
      vertex -1.362238E+001 -2.709661E+000 -2.078674E+001
      vertex -9.567081E+000 -8.363808E-007 -2.309699E+001
      vertex -9.383252E+000 -1.866447E+000 -2.309699E+001
    endloop
  endfacet
  facet normal -4.527933E-001 -1.373535E-001 -8.809723E-001
    outer loop
      vertex -1.362238E+001 -2.709661E+000 -2.078674E+001
      vertex -9.383252E+000 -1.866447E+000 -2.309699E+001
      vertex -1.283200E+001 -5.315187E+000 -2.078674E+001
    endloop
  endfacet
  facet normal -4.527934E-001 -1.373535E-001 -8.809723E-001
    outer loop
      vertex -1.283200E+001 -5.315187E+000 -2.078674E+001
      vertex -9.383252E+000 -1.866447E+000 -2.309699E+001
      vertex -8.838830E+000 -3.661164E+000 -2.309699E+001
    endloop
  endfacet
  facet normal -4.172968E-001 -2.230498E-001 -8.809723E-001
    outer loop
      vertex -1.283200E+001 -5.315187E+000 -2.078674E+001
      vertex -8.838830E+000 -3.661164E+000 -2.309699E+001
      vertex -1.154849E+001 -7.716457E+000 -2.078674E+001
    endloop
  endfacet
  facet normal -4.172968E-001 -2.230497E-001 -8.809723E-001
    outer loop
      vertex -1.154849E+001 -7.716457E+000 -2.078674E+001
      vertex -8.838830E+000 -3.661164E+000 -2.309699E+001
      vertex -7.954737E+000 -5.315187E+000 -2.309699E+001
    endloop
  endfacet
  facet normal -3.657637E-001 -3.001746E-001 -8.809723E-001
    outer loop
      vertex -1.154849E+001 -7.716457E+000 -2.078674E+001
      vertex -7.954737E+000 -5.315187E+000 -2.309699E+001
      vertex -9.821184E+000 -9.821188E+000 -2.078674E+001
    endloop
  endfacet
  facet normal -3.657636E-001 -3.001746E-001 -8.809723E-001
    outer loop
      vertex -9.821184E+000 -9.821188E+000 -2.078674E+001
      vertex -7.954737E+000 -5.315187E+000 -2.309699E+001
      vertex -6.764947E+000 -6.764949E+000 -2.309699E+001
    endloop
  endfacet
  facet normal -3.001744E-001 -3.657638E-001 -8.809723E-001
    outer loop
      vertex -9.821184E+000 -9.821188E+000 -2.078674E+001
      vertex -6.764947E+000 -6.764949E+000 -2.309699E+001
      vertex -7.716453E+000 -1.154850E+001 -2.078674E+001
    endloop
  endfacet
  facet normal -3.001745E-001 -3.657638E-001 -8.809723E-001
    outer loop
      vertex -7.716453E+000 -1.154850E+001 -2.078674E+001
      vertex -6.764947E+000 -6.764949E+000 -2.309699E+001
      vertex -5.315184E+000 -7.954739E+000 -2.309699E+001
    endloop
  endfacet
  facet normal -2.230497E-001 -4.172969E-001 -8.809723E-001
    outer loop
      vertex -7.716453E+000 -1.154850E+001 -2.078674E+001
      vertex -5.315184E+000 -7.954739E+000 -2.309699E+001
      vertex -5.315183E+000 -1.283200E+001 -2.078674E+001
    endloop
  endfacet
  facet normal -2.230496E-001 -4.172969E-001 -8.809723E-001
    outer loop
      vertex -5.315183E+000 -1.283200E+001 -2.078674E+001
      vertex -5.315184E+000 -7.954739E+000 -2.309699E+001
      vertex -3.661161E+000 -8.838832E+000 -2.309699E+001
    endloop
  endfacet
  facet normal -1.373534E-001 -4.527934E-001 -8.809723E-001
    outer loop
      vertex -5.315183E+000 -1.283200E+001 -2.078674E+001
      vertex -3.661161E+000 -8.838832E+000 -2.309699E+001
      vertex -2.709660E+000 -1.362238E+001 -2.078674E+001
    endloop
  endfacet
  facet normal -1.373532E-001 -4.527934E-001 -8.809723E-001
    outer loop
      vertex -2.709660E+000 -1.362238E+001 -2.078674E+001
      vertex -3.661161E+000 -8.838832E+000 -2.309699E+001
      vertex -1.866446E+000 -9.383252E+000 -2.309699E+001
    endloop
  endfacet
  facet normal -4.637854E-002 -4.708894E-001 -8.809723E-001
    outer loop
      vertex -2.709660E+000 -1.362238E+001 -2.078674E+001
      vertex -1.866446E+000 -9.383252E+000 -2.309699E+001
      vertex 1.656277E-007 -1.388925E+001 -2.078674E+001
    endloop
  endfacet
  facet normal -4.637874E-002 -4.708894E-001 -8.809723E-001
    outer loop
      vertex 1.656277E-007 -1.388925E+001 -2.078674E+001
      vertex -1.866446E+000 -9.383252E+000 -2.309699E+001
      vertex 1.140863E-007 -9.567081E+000 -2.309699E+001
    endloop
  endfacet
  facet normal 4.637854E-002 -4.708894E-001 -8.809723E-001
    outer loop
      vertex 1.656277E-007 -1.388925E+001 -2.078674E+001
      vertex 1.140863E-007 -9.567081E+000 -2.309699E+001
      vertex 2.709661E+000 -1.362238E+001 -2.078674E+001
    endloop
  endfacet
  facet normal 4.637863E-002 -4.708894E-001 -8.809723E-001
    outer loop
      vertex 2.709661E+000 -1.362238E+001 -2.078674E+001
      vertex 1.140863E-007 -9.567081E+000 -2.309699E+001
      vertex 1.866446E+000 -9.383252E+000 -2.309699E+001
    endloop
  endfacet
  facet normal 1.373535E-001 -4.527934E-001 -8.809723E-001
    outer loop
      vertex 2.709661E+000 -1.362238E+001 -2.078674E+001
      vertex 1.866446E+000 -9.383252E+000 -2.309699E+001
      vertex 5.315190E+000 -1.283200E+001 -2.078674E+001
    endloop
  endfacet
  facet normal 1.373534E-001 -4.527934E-001 -8.809723E-001
    outer loop
      vertex 5.315190E+000 -1.283200E+001 -2.078674E+001
      vertex 1.866446E+000 -9.383252E+000 -2.309699E+001
      vertex 3.661165E+000 -8.838830E+000 -2.309699E+001
    endloop
  endfacet
  facet normal 2.230498E-001 -4.172968E-001 -8.809723E-001
    outer loop
      vertex 5.315190E+000 -1.283200E+001 -2.078674E+001
      vertex 3.661165E+000 -8.838830E+000 -2.309699E+001
      vertex 7.716459E+000 -1.154849E+001 -2.078674E+001
    endloop
  endfacet
  facet normal 2.230498E-001 -4.172968E-001 -8.809724E-001
    outer loop
      vertex 7.716459E+000 -1.154849E+001 -2.078674E+001
      vertex 3.661165E+000 -8.838830E+000 -2.309699E+001
      vertex 5.315187E+000 -7.954736E+000 -2.309699E+001
    endloop
  endfacet
  facet normal 3.001747E-001 -3.657635E-001 -8.809723E-001
    outer loop
      vertex 7.716459E+000 -1.154849E+001 -2.078674E+001
      vertex 5.315187E+000 -7.954736E+000 -2.309699E+001
      vertex 9.821189E+000 -9.821182E+000 -2.078674E+001
    endloop
  endfacet
  facet normal 3.001747E-001 -3.657636E-001 -8.809723E-001
    outer loop
      vertex 9.821189E+000 -9.821182E+000 -2.078674E+001
      vertex 5.315187E+000 -7.954736E+000 -2.309699E+001
      vertex 6.764950E+000 -6.764946E+000 -2.309699E+001
    endloop
  endfacet
  facet normal 3.657637E-001 -3.001746E-001 -8.809723E-001
    outer loop
      vertex 9.821189E+000 -9.821182E+000 -2.078674E+001
      vertex 6.764950E+000 -6.764946E+000 -2.309699E+001
      vertex 1.154849E+001 -7.716457E+000 -2.078674E+001
    endloop
  endfacet
  facet normal 3.657637E-001 -3.001746E-001 -8.809723E-001
    outer loop
      vertex 1.154849E+001 -7.716457E+000 -2.078674E+001
      vertex 6.764950E+000 -6.764946E+000 -2.309699E+001
      vertex 7.954737E+000 -5.315187E+000 -2.309699E+001
    endloop
  endfacet
  facet normal 4.172967E-001 -2.230499E-001 -8.809723E-001
    outer loop
      vertex 1.154849E+001 -7.716457E+000 -2.078674E+001
      vertex 7.954737E+000 -5.315187E+000 -2.309699E+001
      vertex 1.283200E+001 -5.315187E+000 -2.078674E+001
    endloop
  endfacet
  facet normal 4.172968E-001 -2.230498E-001 -8.809723E-001
    outer loop
      vertex 1.283200E+001 -5.315187E+000 -2.078674E+001
      vertex 7.954737E+000 -5.315187E+000 -2.309699E+001
      vertex 8.838831E+000 -3.661164E+000 -2.309699E+001
    endloop
  endfacet
  facet normal 4.527934E-001 -1.373532E-001 -8.809723E-001
    outer loop
      vertex 1.283200E+001 -5.315187E+000 -2.078674E+001
      vertex 8.838831E+000 -3.661164E+000 -2.309699E+001
      vertex 1.362238E+001 -2.709658E+000 -2.078674E+001
    endloop
  endfacet
  facet normal 4.527934E-001 -1.373533E-001 -8.809723E-001
    outer loop
      vertex 1.362238E+001 -2.709658E+000 -2.078674E+001
      vertex 8.838831E+000 -3.661164E+000 -2.309699E+001
      vertex 9.383253E+000 -1.866444E+000 -2.309699E+001
    endloop
  endfacet
  facet normal 4.708894E-001 -4.637859E-002 -8.809723E-001
    outer loop
      vertex 1.362238E+001 -2.709658E+000 -2.078674E+001
      vertex 9.383253E+000 -1.866444E+000 -2.309699E+001
      vertex 1.388925E+001 0.000000E+000 -2.078674E+001
    endloop
  endfacet
  facet normal 4.708894E-001 -4.637847E-002 -8.809723E-001
    outer loop
      vertex 1.388925E+001 0.000000E+000 -2.078674E+001
      vertex 9.383253E+000 -1.866444E+000 -2.309699E+001
      vertex 9.567081E+000 0.000000E+000 -2.309699E+001
    endloop
  endfacet
  facet normal 2.901660E-001 2.857894E-002 -9.565495E-001
    outer loop
      vertex 9.567081E+000 0.000000E+000 -2.309699E+001
      vertex 4.877258E+000 0.000000E+000 -2.451963E+001
      vertex 9.383252E+000 1.866445E+000 -2.309699E+001
    endloop
  endfacet
  facet normal 2.901660E-001 2.857888E-002 -9.565495E-001
    outer loop
      vertex 9.383252E+000 1.866445E+000 -2.309699E+001
      vertex 4.877258E+000 0.000000E+000 -2.451963E+001
      vertex 4.783543E+000 9.515058E-001 -2.451963E+001
    endloop
  endfacet
  facet normal 2.790151E-001 8.463832E-002 -9.565495E-001
    outer loop
      vertex 9.383252E+000 1.866445E+000 -2.309699E+001
      vertex 4.783543E+000 9.515058E-001 -2.451963E+001
      vertex 8.838830E+000 3.661164E+000 -2.309699E+001
    endloop
  endfacet
  facet normal 2.790151E-001 8.463824E-002 -9.565495E-001
    outer loop
      vertex 8.838830E+000 3.661164E+000 -2.309699E+001
      vertex 4.783543E+000 9.515058E-001 -2.451963E+001
      vertex 4.505999E+000 1.866446E+000 -2.451963E+001
    endloop
  endfacet
  facet normal 2.571418E-001 1.374451E-001 -9.565495E-001
    outer loop
      vertex 8.838830E+000 3.661164E+000 -2.309699E+001
      vertex 4.505999E+000 1.866446E+000 -2.451963E+001
      vertex 7.954737E+000 5.315186E+000 -2.309699E+001
    endloop
  endfacet
  facet normal 2.571418E-001 1.374451E-001 -9.565495E-001
    outer loop
      vertex 7.954737E+000 5.315186E+000 -2.309699E+001
      vertex 4.505999E+000 1.866446E+000 -2.451963E+001
      vertex 4.055292E+000 2.709659E+000 -2.451963E+001
    endloop
  endfacet
  facet normal 2.253866E-001 1.849701E-001 -9.565495E-001
    outer loop
      vertex 7.954737E+000 5.315186E+000 -2.309699E+001
      vertex 4.055292E+000 2.709659E+000 -2.451963E+001
      vertex 6.764948E+000 6.764948E+000 -2.309699E+001
    endloop
  endfacet
  facet normal 2.253865E-001 1.849701E-001 -9.565495E-001
    outer loop
      vertex 6.764948E+000 6.764948E+000 -2.309699E+001
      vertex 4.055292E+000 2.709659E+000 -2.451963E+001
      vertex 3.448742E+000 3.448742E+000 -2.451963E+001
    endloop
  endfacet
  facet normal 1.849701E-001 2.253866E-001 -9.565495E-001
    outer loop
      vertex 6.764948E+000 6.764948E+000 -2.309699E+001
      vertex 3.448742E+000 3.448742E+000 -2.451963E+001
      vertex 5.315185E+000 7.954738E+000 -2.309699E+001
    endloop
  endfacet
  facet normal 1.849701E-001 2.253867E-001 -9.565495E-001
    outer loop
      vertex 5.315185E+000 7.954738E+000 -2.309699E+001
      vertex 3.448742E+000 3.448742E+000 -2.451963E+001
      vertex 2.709659E+000 4.055292E+000 -2.451963E+001
    endloop
  endfacet
  facet normal 1.374450E-001 2.571418E-001 -9.565495E-001
    outer loop
      vertex 5.315185E+000 7.954738E+000 -2.309699E+001
      vertex 2.709659E+000 4.055292E+000 -2.451963E+001
      vertex 3.661164E+000 8.838830E+000 -2.309699E+001
    endloop
  endfacet
  facet normal 1.374452E-001 2.571418E-001 -9.565494E-001
    outer loop
      vertex 3.661164E+000 8.838830E+000 -2.309699E+001
      vertex 2.709659E+000 4.055292E+000 -2.451963E+001
      vertex 1.866446E+000 4.505999E+000 -2.451963E+001
    endloop
  endfacet
  facet normal 8.463843E-002 2.790151E-001 -9.565495E-001
    outer loop
      vertex 3.661164E+000 8.838830E+000 -2.309699E+001
      vertex 1.866446E+000 4.505999E+000 -2.451963E+001
      vertex 1.866444E+000 9.383253E+000 -2.309699E+001
    endloop
  endfacet
  facet normal 8.463821E-002 2.790151E-001 -9.565495E-001
    outer loop
      vertex 1.866444E+000 9.383253E+000 -2.309699E+001
      vertex 1.866446E+000 4.505999E+000 -2.451963E+001
      vertex 9.515054E-001 4.783543E+000 -2.451963E+001
    endloop
  endfacet
  facet normal 2.857879E-002 2.901660E-001 -9.565495E-001
    outer loop
      vertex 1.866444E+000 9.383253E+000 -2.309699E+001
      vertex 9.515054E-001 4.783543E+000 -2.451963E+001
      vertex -4.181904E-007 9.567081E+000 -2.309699E+001
    endloop
  endfacet
  facet normal 2.857889E-002 2.901660E-001 -9.565495E-001
    outer loop
      vertex -4.181904E-007 9.567081E+000 -2.309699E+001
      vertex 9.515054E-001 4.783543E+000 -2.451963E+001
      vertex -2.131917E-007 4.877258E+000 -2.451963E+001
    endloop
  endfacet
  facet normal -2.857894E-002 2.901660E-001 -9.565495E-001
    outer loop
      vertex -4.181904E-007 9.567081E+000 -2.309699E+001
      vertex -2.131917E-007 4.877258E+000 -2.451963E+001
      vertex -1.866445E+000 9.383252E+000 -2.309699E+001
    endloop
  endfacet
  facet normal -2.857889E-002 2.901660E-001 -9.565495E-001
    outer loop
      vertex -1.866445E+000 9.383252E+000 -2.309699E+001
      vertex -2.131917E-007 4.877258E+000 -2.451963E+001
      vertex -9.515058E-001 4.783543E+000 -2.451963E+001
    endloop
  endfacet
  facet normal -8.463830E-002 2.790151E-001 -9.565495E-001
    outer loop
      vertex -1.866445E+000 9.383252E+000 -2.309699E+001
      vertex -9.515058E-001 4.783543E+000 -2.451963E+001
      vertex -3.661164E+000 8.838830E+000 -2.309699E+001
    endloop
  endfacet
  facet normal -8.463822E-002 2.790151E-001 -9.565495E-001
    outer loop
      vertex -3.661164E+000 8.838830E+000 -2.309699E+001
      vertex -9.515058E-001 4.783543E+000 -2.451963E+001
      vertex -1.866446E+000 4.505999E+000 -2.451963E+001
    endloop
  endfacet
  facet normal -1.374451E-001 2.571418E-001 -9.565495E-001
    outer loop
      vertex -3.661164E+000 8.838830E+000 -2.309699E+001
      vertex -1.866446E+000 4.505999E+000 -2.451963E+001
      vertex -5.315187E+000 7.954737E+000 -2.309699E+001
    endloop
  endfacet
  facet normal -1.374452E-001 2.571417E-001 -9.565495E-001
    outer loop
      vertex -5.315187E+000 7.954737E+000 -2.309699E+001
      vertex -1.866446E+000 4.505999E+000 -2.451963E+001
      vertex -2.709660E+000 4.055291E+000 -2.451963E+001
    endloop
  endfacet
  facet normal -1.849701E-001 2.253866E-001 -9.565495E-001
    outer loop
      vertex -5.315187E+000 7.954737E+000 -2.309699E+001
      vertex -2.709660E+000 4.055291E+000 -2.451963E+001
      vertex -6.764948E+000 6.764948E+000 -2.309699E+001
    endloop
  endfacet
  facet normal -1.849700E-001 2.253866E-001 -9.565495E-001
    outer loop
      vertex -6.764948E+000 6.764948E+000 -2.309699E+001
      vertex -2.709660E+000 4.055291E+000 -2.451963E+001
      vertex -3.448742E+000 3.448742E+000 -2.451963E+001
    endloop
  endfacet
  facet normal -2.253866E-001 1.849701E-001 -9.565495E-001
    outer loop
      vertex -6.764948E+000 6.764948E+000 -2.309699E+001
      vertex -3.448742E+000 3.448742E+000 -2.451963E+001
      vertex -7.954738E+000 5.315185E+000 -2.309699E+001
    endloop
  endfacet
  facet normal -2.253867E-001 1.849701E-001 -9.565495E-001
    outer loop
      vertex -7.954738E+000 5.315185E+000 -2.309699E+001
      vertex -3.448742E+000 3.448742E+000 -2.451963E+001
      vertex -4.055292E+000 2.709659E+000 -2.451963E+001
    endloop
  endfacet
  facet normal -2.571417E-001 1.374451E-001 -9.565495E-001
    outer loop
      vertex -7.954738E+000 5.315185E+000 -2.309699E+001
      vertex -4.055292E+000 2.709659E+000 -2.451963E+001
      vertex -8.838832E+000 3.661162E+000 -2.309699E+001
    endloop
  endfacet
  facet normal -2.571417E-001 1.374452E-001 -9.565495E-001
    outer loop
      vertex -8.838832E+000 3.661162E+000 -2.309699E+001
      vertex -4.055292E+000 2.709659E+000 -2.451963E+001
      vertex -4.505999E+000 1.866445E+000 -2.451963E+001
    endloop
  endfacet
  facet normal -2.790150E-001 8.463824E-002 -9.565495E-001
    outer loop
      vertex -8.838832E+000 3.661162E+000 -2.309699E+001
      vertex -4.505999E+000 1.866445E+000 -2.451963E+001
      vertex -9.383253E+000 1.866445E+000 -2.309699E+001
    endloop
  endfacet
  facet normal -2.790151E-001 8.463820E-002 -9.565495E-001
    outer loop
      vertex -9.383253E+000 1.866445E+000 -2.309699E+001
      vertex -4.505999E+000 1.866445E+000 -2.451963E+001
      vertex -4.783543E+000 9.515057E-001 -2.451963E+001
    endloop
  endfacet
  facet normal -2.901660E-001 2.857878E-002 -9.565495E-001
    outer loop
      vertex -9.383253E+000 1.866445E+000 -2.309699E+001
      vertex -4.783543E+000 9.515057E-001 -2.451963E+001
      vertex -9.567081E+000 -8.363808E-007 -2.309699E+001
    endloop
  endfacet
  facet normal -2.901660E-001 2.857887E-002 -9.565495E-001
    outer loop
      vertex -9.567081E+000 -8.363808E-007 -2.309699E+001
      vertex -4.783543E+000 9.515057E-001 -2.451963E+001
      vertex -4.877258E+000 -4.263834E-007 -2.451963E+001
    endloop
  endfacet
  facet normal -2.901660E-001 -2.857892E-002 -9.565495E-001
    outer loop
      vertex -9.567081E+000 -8.363808E-007 -2.309699E+001
      vertex -4.877258E+000 -4.263834E-007 -2.451963E+001
      vertex -9.383252E+000 -1.866447E+000 -2.309699E+001
    endloop
  endfacet
  facet normal -2.901661E-001 -2.857888E-002 -9.565495E-001
    outer loop
      vertex -9.383252E+000 -1.866447E+000 -2.309699E+001
      vertex -4.877258E+000 -4.263834E-007 -2.451963E+001
      vertex -4.783543E+000 -9.515066E-001 -2.451963E+001
    endloop
  endfacet
  facet normal -2.790151E-001 -8.463839E-002 -9.565495E-001
    outer loop
      vertex -9.383252E+000 -1.866447E+000 -2.309699E+001
      vertex -4.783543E+000 -9.515066E-001 -2.451963E+001
      vertex -8.838830E+000 -3.661164E+000 -2.309699E+001
    endloop
  endfacet
  facet normal -2.790150E-001 -8.463831E-002 -9.565495E-001
    outer loop
      vertex -8.838830E+000 -3.661164E+000 -2.309699E+001
      vertex -4.783543E+000 -9.515066E-001 -2.451963E+001
      vertex -4.505999E+000 -1.866446E+000 -2.451963E+001
    endloop
  endfacet
  facet normal -2.571418E-001 -1.374451E-001 -9.565495E-001
    outer loop
      vertex -8.838830E+000 -3.661164E+000 -2.309699E+001
      vertex -4.505999E+000 -1.866446E+000 -2.451963E+001
      vertex -7.954737E+000 -5.315187E+000 -2.309699E+001
    endloop
  endfacet
  facet normal -2.571417E-001 -1.374452E-001 -9.565495E-001
    outer loop
      vertex -7.954737E+000 -5.315187E+000 -2.309699E+001
      vertex -4.505999E+000 -1.866446E+000 -2.451963E+001
      vertex -4.055291E+000 -2.709660E+000 -2.451963E+001
    endloop
  endfacet
  facet normal -2.253866E-001 -1.849700E-001 -9.565495E-001
    outer loop
      vertex -7.954737E+000 -5.315187E+000 -2.309699E+001
      vertex -4.055291E+000 -2.709660E+000 -2.451963E+001
      vertex -6.764947E+000 -6.764949E+000 -2.309699E+001
    endloop
  endfacet
  facet normal -2.253867E-001 -1.849700E-001 -9.565494E-001
    outer loop
      vertex -6.764947E+000 -6.764949E+000 -2.309699E+001
      vertex -4.055291E+000 -2.709660E+000 -2.451963E+001
      vertex -3.448741E+000 -3.448743E+000 -2.451963E+001
    endloop
  endfacet
  facet normal -1.849700E-001 -2.253866E-001 -9.565495E-001
    outer loop
      vertex -6.764947E+000 -6.764949E+000 -2.309699E+001
      vertex -3.448741E+000 -3.448743E+000 -2.451963E+001
      vertex -5.315184E+000 -7.954739E+000 -2.309699E+001
    endloop
  endfacet
  facet normal -1.849701E-001 -2.253866E-001 -9.565495E-001
    outer loop
      vertex -5.315184E+000 -7.954739E+000 -2.309699E+001
      vertex -3.448741E+000 -3.448743E+000 -2.451963E+001
      vertex -2.709658E+000 -4.055293E+000 -2.451963E+001
    endloop
  endfacet
  facet normal -1.374450E-001 -2.571418E-001 -9.565495E-001
    outer loop
      vertex -5.315184E+000 -7.954739E+000 -2.309699E+001
      vertex -2.709658E+000 -4.055293E+000 -2.451963E+001
      vertex -3.661161E+000 -8.838832E+000 -2.309699E+001
    endloop
  endfacet
  facet normal -1.374450E-001 -2.571419E-001 -9.565495E-001
    outer loop
      vertex -3.661161E+000 -8.838832E+000 -2.309699E+001
      vertex -2.709658E+000 -4.055293E+000 -2.451963E+001
      vertex -1.866444E+000 -4.506000E+000 -2.451963E+001
    endloop
  endfacet
  facet normal -8.463821E-002 -2.790151E-001 -9.565495E-001
    outer loop
      vertex -3.661161E+000 -8.838832E+000 -2.309699E+001
      vertex -1.866444E+000 -4.506000E+000 -2.451963E+001
      vertex -1.866446E+000 -9.383252E+000 -2.309699E+001
    endloop
  endfacet
  facet normal -8.463822E-002 -2.790151E-001 -9.565494E-001
    outer loop
      vertex -1.866446E+000 -9.383252E+000 -2.309699E+001
      vertex -1.866444E+000 -4.506000E+000 -2.451963E+001
      vertex -9.515061E-001 -4.783543E+000 -2.451963E+001
    endloop
  endfacet
  facet normal -2.857893E-002 -2.901660E-001 -9.565495E-001
    outer loop
      vertex -1.866446E+000 -9.383252E+000 -2.309699E+001
      vertex -9.515061E-001 -4.783543E+000 -2.451963E+001
      vertex 1.140863E-007 -9.567081E+000 -2.309699E+001
    endloop
  endfacet
  facet normal -2.857887E-002 -2.901660E-001 -9.565495E-001
    outer loop
      vertex 1.140863E-007 -9.567081E+000 -2.309699E+001
      vertex -9.515061E-001 -4.783543E+000 -2.451963E+001
      vertex 5.816072E-008 -4.877258E+000 -2.451963E+001
    endloop
  endfacet
  facet normal 2.857892E-002 -2.901660E-001 -9.565495E-001
    outer loop
      vertex 1.140863E-007 -9.567081E+000 -2.309699E+001
      vertex 5.816072E-008 -4.877258E+000 -2.451963E+001
      vertex 1.866446E+000 -9.383252E+000 -2.309699E+001
    endloop
  endfacet
  facet normal 2.857887E-002 -2.901660E-001 -9.565495E-001
    outer loop
      vertex 1.866446E+000 -9.383252E+000 -2.309699E+001
      vertex 5.816072E-008 -4.877258E+000 -2.451963E+001
      vertex 9.515063E-001 -4.783543E+000 -2.451963E+001
    endloop
  endfacet
  facet normal 8.463829E-002 -2.790151E-001 -9.565495E-001
    outer loop
      vertex 1.866446E+000 -9.383252E+000 -2.309699E+001
      vertex 9.515063E-001 -4.783543E+000 -2.451963E+001
      vertex 3.661165E+000 -8.838830E+000 -2.309699E+001
    endloop
  endfacet
  facet normal 8.463839E-002 -2.790150E-001 -9.565495E-001
    outer loop
      vertex 3.661165E+000 -8.838830E+000 -2.309699E+001
      vertex 9.515063E-001 -4.783543E+000 -2.451963E+001
      vertex 1.866447E+000 -4.505998E+000 -2.451963E+001
    endloop
  endfacet
  facet normal 1.374452E-001 -2.571417E-001 -9.565495E-001
    outer loop
      vertex 3.661165E+000 -8.838830E+000 -2.309699E+001
      vertex 1.866447E+000 -4.505998E+000 -2.451963E+001
      vertex 5.315187E+000 -7.954736E+000 -2.309699E+001
    endloop
  endfacet
  facet normal 1.374452E-001 -2.571418E-001 -9.565495E-001
    outer loop
      vertex 5.315187E+000 -7.954736E+000 -2.309699E+001
      vertex 1.866447E+000 -4.505998E+000 -2.451963E+001
      vertex 2.709660E+000 -4.055291E+000 -2.451963E+001
    endloop
  endfacet
  facet normal 1.849701E-001 -2.253866E-001 -9.565495E-001
    outer loop
      vertex 5.315187E+000 -7.954736E+000 -2.309699E+001
      vertex 2.709660E+000 -4.055291E+000 -2.451963E+001
      vertex 6.764950E+000 -6.764946E+000 -2.309699E+001
    endloop
  endfacet
  facet normal 1.849701E-001 -2.253866E-001 -9.565495E-001
    outer loop
      vertex 6.764950E+000 -6.764946E+000 -2.309699E+001
      vertex 2.709660E+000 -4.055291E+000 -2.451963E+001
      vertex 3.448743E+000 -3.448741E+000 -2.451963E+001
    endloop
  endfacet
  facet normal 2.253866E-001 -1.849700E-001 -9.565495E-001
    outer loop
      vertex 6.764950E+000 -6.764946E+000 -2.309699E+001
      vertex 3.448743E+000 -3.448741E+000 -2.451963E+001
      vertex 7.954737E+000 -5.315187E+000 -2.309699E+001
    endloop
  endfacet
  facet normal 2.253866E-001 -1.849701E-001 -9.565494E-001
    outer loop
      vertex 7.954737E+000 -5.315187E+000 -2.309699E+001
      vertex 3.448743E+000 -3.448741E+000 -2.451963E+001
      vertex 4.055292E+000 -2.709660E+000 -2.451963E+001
    endloop
  endfacet
  facet normal 2.571418E-001 -1.374452E-001 -9.565495E-001
    outer loop
      vertex 7.954737E+000 -5.315187E+000 -2.309699E+001
      vertex 4.055292E+000 -2.709660E+000 -2.451963E+001
      vertex 8.838831E+000 -3.661164E+000 -2.309699E+001
    endloop
  endfacet
  facet normal 2.571418E-001 -1.374450E-001 -9.565495E-001
    outer loop
      vertex 8.838831E+000 -3.661164E+000 -2.309699E+001
      vertex 4.055292E+000 -2.709660E+000 -2.451963E+001
      vertex 4.505999E+000 -1.866446E+000 -2.451963E+001
    endloop
  endfacet
  facet normal 2.790151E-001 -8.463828E-002 -9.565495E-001
    outer loop
      vertex 8.838831E+000 -3.661164E+000 -2.309699E+001
      vertex 4.505999E+000 -1.866446E+000 -2.451963E+001
      vertex 9.383253E+000 -1.866444E+000 -2.309699E+001
    endloop
  endfacet
  facet normal 2.790151E-001 -8.463821E-002 -9.565495E-001
    outer loop
      vertex 9.383253E+000 -1.866444E+000 -2.309699E+001
      vertex 4.505999E+000 -1.866446E+000 -2.451963E+001
      vertex 4.783543E+000 -9.515054E-001 -2.451963E+001
    endloop
  endfacet
  facet normal 2.901660E-001 -2.857880E-002 -9.565495E-001
    outer loop
      vertex 9.383253E+000 -1.866444E+000 -2.309699E+001
      vertex 4.783543E+000 -9.515054E-001 -2.451963E+001
      vertex 9.567081E+000 0.000000E+000 -2.309699E+001
    endloop
  endfacet
  facet normal 2.901660E-001 -2.857889E-002 -9.565495E-001
    outer loop
      vertex 9.567081E+000 0.000000E+000 -2.309699E+001
      vertex 4.783543E+000 -9.515054E-001 -2.451963E+001
      vertex 4.877258E+000 0.000000E+000 -2.451963E+001
    endloop
  endfacet
  facet normal 9.801251E-002 9.653395E-003 -9.951384E-001
    outer loop
      vertex 4.877258E+000 0.000000E+000 -2.451963E+001
      vertex 0.000000E+000 0.000000E+000 -2.500000E+001
      vertex 4.783543E+000 9.515058E-001 -2.451963E+001
    endloop
  endfacet
  facet normal 9.424595E-002 2.858919E-002 -9.951384E-001
    outer loop
      vertex 4.783543E+000 9.515058E-001 -2.451963E+001
      vertex 0.000000E+000 0.000000E+000 -2.500000E+001
      vertex 4.505999E+000 1.866446E+000 -2.451963E+001
    endloop
  endfacet
  facet normal 8.685756E-002 4.642634E-002 -9.951384E-001
    outer loop
      vertex 4.505999E+000 1.866446E+000 -2.451963E+001
      vertex 0.000000E+000 0.000000E+000 -2.500000E+001
      vertex 4.055292E+000 2.709659E+000 -2.451963E+001
    endloop
  endfacet
  facet normal 7.613128E-002 6.247936E-002 -9.951384E-001
    outer loop
      vertex 4.055292E+000 2.709659E+000 -2.451963E+001
      vertex 0.000000E+000 0.000000E+000 -2.500000E+001
      vertex 3.448742E+000 3.448742E+000 -2.451963E+001
    endloop
  endfacet
  facet normal 6.247935E-002 7.613128E-002 -9.951384E-001
    outer loop
      vertex 3.448742E+000 3.448742E+000 -2.451963E+001
      vertex 0.000000E+000 0.000000E+000 -2.500000E+001
      vertex 2.709659E+000 4.055292E+000 -2.451963E+001
    endloop
  endfacet
  facet normal 4.642634E-002 8.685756E-002 -9.951384E-001
    outer loop
      vertex 2.709659E+000 4.055292E+000 -2.451963E+001
      vertex 0.000000E+000 0.000000E+000 -2.500000E+001
      vertex 1.866446E+000 4.505999E+000 -2.451963E+001
    endloop
  endfacet
  facet normal 2.858919E-002 9.424595E-002 -9.951384E-001
    outer loop
      vertex 1.866446E+000 4.505999E+000 -2.451963E+001
      vertex 0.000000E+000 0.000000E+000 -2.500000E+001
      vertex 9.515054E-001 4.783543E+000 -2.451963E+001
    endloop
  endfacet
  facet normal 9.653397E-003 9.801251E-002 -9.951384E-001
    outer loop
      vertex 9.515054E-001 4.783543E+000 -2.451963E+001
      vertex 0.000000E+000 0.000000E+000 -2.500000E+001
      vertex -2.131917E-007 4.877258E+000 -2.451963E+001
    endloop
  endfacet
  facet normal -9.653397E-003 9.801251E-002 -9.951384E-001
    outer loop
      vertex -2.131917E-007 4.877258E+000 -2.451963E+001
      vertex 0.000000E+000 0.000000E+000 -2.500000E+001
      vertex -9.515058E-001 4.783543E+000 -2.451963E+001
    endloop
  endfacet
  facet normal -2.858919E-002 9.424595E-002 -9.951384E-001
    outer loop
      vertex -9.515058E-001 4.783543E+000 -2.451963E+001
      vertex 0.000000E+000 0.000000E+000 -2.500000E+001
      vertex -1.866446E+000 4.505999E+000 -2.451963E+001
    endloop
  endfacet
  facet normal -4.642636E-002 8.685755E-002 -9.951384E-001
    outer loop
      vertex -1.866446E+000 4.505999E+000 -2.451963E+001
      vertex 0.000000E+000 0.000000E+000 -2.500000E+001
      vertex -2.709660E+000 4.055291E+000 -2.451963E+001
    endloop
  endfacet
  facet normal -6.247935E-002 7.613128E-002 -9.951384E-001
    outer loop
      vertex -2.709660E+000 4.055291E+000 -2.451963E+001
      vertex 0.000000E+000 0.000000E+000 -2.500000E+001
      vertex -3.448742E+000 3.448742E+000 -2.451963E+001
    endloop
  endfacet
  facet normal -7.613128E-002 6.247935E-002 -9.951384E-001
    outer loop
      vertex -3.448742E+000 3.448742E+000 -2.451963E+001
      vertex 0.000000E+000 0.000000E+000 -2.500000E+001
      vertex -4.055292E+000 2.709659E+000 -2.451963E+001
    endloop
  endfacet
  facet normal -8.685755E-002 4.642634E-002 -9.951383E-001
    outer loop
      vertex -4.055292E+000 2.709659E+000 -2.451963E+001
      vertex 0.000000E+000 0.000000E+000 -2.500000E+001
      vertex -4.505999E+000 1.866445E+000 -2.451963E+001
    endloop
  endfacet
  facet normal -9.424596E-002 2.858917E-002 -9.951384E-001
    outer loop
      vertex -4.505999E+000 1.866445E+000 -2.451963E+001
      vertex 0.000000E+000 0.000000E+000 -2.500000E+001
      vertex -4.783543E+000 9.515057E-001 -2.451963E+001
    endloop
  endfacet
  facet normal -9.801252E-002 9.653392E-003 -9.951384E-001
    outer loop
      vertex -4.783543E+000 9.515057E-001 -2.451963E+001
      vertex 0.000000E+000 0.000000E+000 -2.500000E+001
      vertex -4.877258E+000 -4.263834E-007 -2.451963E+001
    endloop
  endfacet
  facet normal -9.801251E-002 -9.653391E-003 -9.951384E-001
    outer loop
      vertex -4.877258E+000 -4.263834E-007 -2.451963E+001
      vertex 0.000000E+000 0.000000E+000 -2.500000E+001
      vertex -4.783543E+000 -9.515066E-001 -2.451963E+001
    endloop
  endfacet
  facet normal -9.424595E-002 -2.858922E-002 -9.951384E-001
    outer loop
      vertex -4.783543E+000 -9.515066E-001 -2.451963E+001
      vertex 0.000000E+000 0.000000E+000 -2.500000E+001
      vertex -4.505999E+000 -1.866446E+000 -2.451963E+001
    endloop
  endfacet
  facet normal -8.685755E-002 -4.642636E-002 -9.951384E-001
    outer loop
      vertex -4.505999E+000 -1.866446E+000 -2.451963E+001
      vertex 0.000000E+000 0.000000E+000 -2.500000E+001
      vertex -4.055291E+000 -2.709660E+000 -2.451963E+001
    endloop
  endfacet
  facet normal -7.613130E-002 -6.247933E-002 -9.951384E-001
    outer loop
      vertex -4.055291E+000 -2.709660E+000 -2.451963E+001
      vertex 0.000000E+000 0.000000E+000 -2.500000E+001
      vertex -3.448741E+000 -3.448743E+000 -2.451963E+001
    endloop
  endfacet
  facet normal -6.247933E-002 -7.613128E-002 -9.951384E-001
    outer loop
      vertex -3.448741E+000 -3.448743E+000 -2.451963E+001
      vertex 0.000000E+000 0.000000E+000 -2.500000E+001
      vertex -2.709658E+000 -4.055293E+000 -2.451963E+001
    endloop
  endfacet
  facet normal -4.642631E-002 -8.685757E-002 -9.951384E-001
    outer loop
      vertex -2.709658E+000 -4.055293E+000 -2.451963E+001
      vertex 0.000000E+000 0.000000E+000 -2.500000E+001
      vertex -1.866444E+000 -4.506000E+000 -2.451963E+001
    endloop
  endfacet
  facet normal -2.858916E-002 -9.424596E-002 -9.951383E-001
    outer loop
      vertex -1.866444E+000 -4.506000E+000 -2.451963E+001
      vertex 0.000000E+000 0.000000E+000 -2.500000E+001
      vertex -9.515061E-001 -4.783543E+000 -2.451963E+001
    endloop
  endfacet
  facet normal -9.653392E-003 -9.801252E-002 -9.951384E-001
    outer loop
      vertex -9.515061E-001 -4.783543E+000 -2.451963E+001
      vertex 0.000000E+000 0.000000E+000 -2.500000E+001
      vertex 5.816072E-008 -4.877258E+000 -2.451963E+001
    endloop
  endfacet
  facet normal 9.653391E-003 -9.801251E-002 -9.951384E-001
    outer loop
      vertex 5.816072E-008 -4.877258E+000 -2.451963E+001
      vertex 0.000000E+000 0.000000E+000 -2.500000E+001
      vertex 9.515063E-001 -4.783543E+000 -2.451963E+001
    endloop
  endfacet
  facet normal 2.858923E-002 -9.424594E-002 -9.951384E-001
    outer loop
      vertex 9.515063E-001 -4.783543E+000 -2.451963E+001
      vertex 0.000000E+000 0.000000E+000 -2.500000E+001
      vertex 1.866447E+000 -4.505998E+000 -2.451963E+001
    endloop
  endfacet
  facet normal 4.642632E-002 -8.685756E-002 -9.951384E-001
    outer loop
      vertex 1.866447E+000 -4.505998E+000 -2.451963E+001
      vertex 0.000000E+000 0.000000E+000 -2.500000E+001
      vertex 2.709660E+000 -4.055291E+000 -2.451963E+001
    endloop
  endfacet
  facet normal 6.247938E-002 -7.613126E-002 -9.951384E-001
    outer loop
      vertex 2.709660E+000 -4.055291E+000 -2.451963E+001
      vertex 0.000000E+000 0.000000E+000 -2.500000E+001
      vertex 3.448743E+000 -3.448741E+000 -2.451963E+001
    endloop
  endfacet
  facet normal 7.613128E-002 -6.247934E-002 -9.951384E-001
    outer loop
      vertex 3.448743E+000 -3.448741E+000 -2.451963E+001
      vertex 0.000000E+000 0.000000E+000 -2.500000E+001
      vertex 4.055292E+000 -2.709660E+000 -2.451963E+001
    endloop
  endfacet
  facet normal 8.685756E-002 -4.642632E-002 -9.951384E-001
    outer loop
      vertex 4.055292E+000 -2.709660E+000 -2.451963E+001
      vertex 0.000000E+000 0.000000E+000 -2.500000E+001
      vertex 4.505999E+000 -1.866446E+000 -2.451963E+001
    endloop
  endfacet
  facet normal 9.424595E-002 -2.858919E-002 -9.951384E-001
    outer loop
      vertex 4.505999E+000 -1.866446E+000 -2.451963E+001
      vertex 0.000000E+000 0.000000E+000 -2.500000E+001
      vertex 4.783543E+000 -9.515054E-001 -2.451963E+001
    endloop
  endfacet
  facet normal 9.801251E-002 -9.653399E-003 -9.951384E-001
    outer loop
      vertex 4.783543E+000 -9.515054E-001 -2.451963E+001
      vertex 0.000000E+000 0.000000E+000 -2.500000E+001
      vertex 4.877258E+000 0.000000E+000 -2.451963E+001
    endloop
  endfacet
endsolid uv_sphere
